INSERT INTO Country (NOC, name, athletesNr, medalsNr) VALUES 
 ('USA', 'United States of America', 92, 25.0),
 ('URS', 'Soviet Union', 74, 12.0),
 ('FRG', 'West Germany', 72, 7.0),
 ('GBR', 'Great Britain', 70, 4.0),
 ('GDR', 'East Germany', 45, 6.0),
 ('FRA', 'France', 40, 1.0),
 ('HUN', 'Hungary', 37, 7.0),
 ('POL', 'Poland', 34, 2.0),
 ('CAN', 'Canada', 32, 0.0),
 ('AUS', 'Australia', 31, 6.0),
 ('MEX', 'Mexico', 27, 1.0),
 ('SUI', 'Switzerland', 26, 0.0),
 ('SWE', 'Sweden', 25, 0.0),
 ('KEN', 'Kenya', 25, 7.0),
 ('ITA', 'Italy', 24, 2.0),
 ('JPN', 'Japan', 21, 1.0),
 ('TPE', 'Chinese Taipei', 20, 1.0),
 ('CUB', 'Cuba', 20, 0.0),
 ('BEL', 'Belgium', 20, 0.0),
 ('JAM', 'Jamaica', 17, 1.0),
 ('ESA', 'El Salvador', 15, 0.0),
 ('ETH', 'Ethiopia', 14, 2.0),
 ('TCH', 'Czechoslovakia', 14, 2.0),
 ('NGR', 'Nigeria', 13, 0.0),
 ('NED', 'Netherlands', 13, 1.0),
 ('FIN', 'Finland', 12, 1.0),
 ('YUG', 'Yugoslavia', 12, 0.0),
 ('NCA', 'Nicaragua', 12, 0.0),
 ('AUT', 'Austria', 12, 2.0),
 ('ROU', 'Romania', 11, 4.0),
 ('NZL', 'New Zealand', 10, 1.0),
 ('BAH', 'Bahamas', 10, 0.0),
 ('ESP', 'Spain', 10, 0.0),
 ('BUL', 'Bulgaria', 10, 0.0),
 ('MAS', 'Malaysia', 10, 0.0),
 ('ARG', 'Argentina', 9, 0.0),
 ('CHI', 'Chile', 9, 0.0),
 ('GHA', 'Ghana', 9, 0.0),
 ('SEN', 'Senegal', 8, 0.0),
 ('GRE', 'Greece', 7, 0.0),
 ('DOM', 'Dominican Republic', 7, 0.0),
 ('PHI', 'Philippines', 7, 0.0),
 ('GUA', 'Guatemala', 7, 0.0),
 ('NOR', 'Norway', 6, 0.0),
 ('CRC', 'Costa Rica', 6, 0.0),
 ('DEN', 'Denmark', 6, 0.0),
 ('HON', 'Honduras', 6, 0.0),
 ('UGA', 'Uganda', 6, 0.0),
 ('PUR', 'Puerto Rico', 6, 0.0),
 ('IRL', 'Ireland', 6, 0.0),
 ('URU', 'Uruguay', 5, 0.0),
 ('COL', 'Colombia', 5, 0.0),
 ('MAD', 'Madagascar', 5, 0.0),
 ('TTO', 'Trinidad and Tobago', 5, 0.0),
 ('TUR', 'Turkey', 4, 0.0),
 ('SUD', 'Sudan', 4, 0.0),
 ('MAR', 'Morocco', 4, 0.0),
 ('CIV', 'Côte d''Ivoire', 4, 0.0),
 ('CHA', 'Chad', 4, 0.0),
 ('TAN', 'United Republic of Tanzania', 4, 0.0),
 ('VEN', 'Venezuela', 4, 0.0),
 ('PER', 'Peru', 4, 0.0),
 ('TUN', 'Tunisia', 4, 2.0),
 ('KOR', 'Republic of Korea', 4, 0.0),
 ('SLE', 'Sierra Leone', 3, 0.0),
 ('ZAM', 'Zambia', 3, 0.0),
 ('ISL', 'Iceland', 3, 0.0),
 ('LIE', 'Liechtenstein', 3, 0.0),
 ('BRA', 'Brazil', 3, 1.0),
 ('ISR', 'Israel', 3, 0.0),
 ('IND', 'India', 2, 0.0),
 ('BAR', 'Barbados', 2, 0.0),
 ('BIZ', 'Belize', 2, 0.0),
 ('ISV', 'Virgin Islands; US', 2, 0.0),
 ('BER', 'Bermuda', 2, 0.0),
 ('MYA', 'Myanmar', 2, 0.0),
 ('KUW', 'Kuwait', 2, 0.0),
 ('SGP', 'Singapore', 2, 0.0),
 ('LUX', 'Luxembourg', 2, 0.0),
 ('IRI', 'Islamic Republic of Iran', 1, 0.0),
 ('SUR', 'Suriname', 1, 0.0),
 ('SRI', 'Sri Lanka', 1, 0.0),
 ('GUY', 'Guyana', 1, 0.0),
 ('FIJ', 'Fiji', 1, 0.0),
 ('ECU', 'Ecuador', 1, 0.0),
 ('CAF', 'Central African Republic', 1, 0.0),
 ('CMR', 'Cameroon', 1, 0.0),
 ('LBA', 'Libya', 1, 0.0),
 ('VIE', 'Vietnam', 1, 0.0),
 ('MLI', 'Mali', 1, 0.0),
 ('MGL', 'Mongolia', 1, 0.0),
 ('POR', 'Portugal', 1, 0.0);

INSERT INTO Discipline (idDiscipline, category, name) VALUES 
 (1, 'Athletics', 'Athletics Men''s 400 metres Hurdles'),
 (2, 'Athletics', 'Athletics Men''s 100 metres'),
 (3, 'Athletics', 'Athletics Men''s Long Jump'),
 (4, 'Athletics', 'Athletics Men''s High Jump'),
 (5, 'Athletics', 'Athletics Men''s 200 metres'),
 (6, 'Athletics', 'Athletics Women''s Pentathlon'),
 (7, 'Athletics', 'Athletics Men''s 800 metres'),
 (8, 'Athletics', 'Athletics Men''s Marathon'),
 (9, 'Athletics', 'Athletics Men''s 5;000 metres'),
 (10, 'Athletics', 'Athletics Men''s 50 kilometres Walk'),
 (11, 'Athletics', 'Athletics Women''s 80 metres Hurdles'),
 (12, 'Athletics', 'Athletics Women''s 100 metres'),
 (13, 'Athletics', 'Athletics Women''s 200 metres'),
 (14, 'Athletics', 'Athletics Men''s 10;000 metres'),
 (15, 'Athletics', 'Athletics Men''s Pole Vault'),
 (16, 'Athletics', 'Athletics Men''s Triple Jump'),
 (17, 'Athletics', 'Athletics Men''s 3;000 metres Steeplechase'),
 (18, 'Athletics', 'Athletics Men''s Hammer Throw'),
 (19, 'Athletics', 'Athletics Women''s Long Jump'),
 (20, 'Athletics', 'Athletics Men''s 20 kilometres Walk'),
 (21, 'Athletics', 'Athletics Women''s Javelin Throw'),
 (22, 'Athletics', 'Athletics Men''s Decathlon'),
 (23, 'Athletics', 'Athletics Men''s 1;500 metres'),
 (24, 'Athletics', 'Athletics Men''s 110 metres Hurdles'),
 (25, 'Athletics', 'Athletics Men''s 400 metres'),
 (26, 'Athletics', 'Athletics Women''s Shot Put'),
 (27, 'Athletics', 'Athletics Women''s High Jump'),
 (28, 'Athletics', 'Athletics Women''s 400 metres'),
 (29, 'Athletics', 'Athletics Men''s Shot Put'),
 (30, 'Athletics', 'Athletics Women''s Discus Throw'),
 (31, 'Athletics', 'Athletics Women''s 800 metres'),
 (32, 'Athletics', 'Athletics Men''s Discus Throw'),
 (33, 'Athletics', 'Athletics Men''s Javelin Throw');

INSERT INTO Event (idEvent, idDiscipline, date, place, athletesNr, nature) VALUES 
 (1, 2, '1968-10-16', 'Stadium C', 65, 'Final'),
 (2, 14, '1968-10-14', 'Stadium B', 37, 'Heat'),
 (3, 14, '1968-10-23', 'Stadium B', 37, 'Final'),
 (4, 24, '1968-10-16', 'Stadium A', 33, 'Heat'),
 (5, 24, '1968-10-24', 'Stadium A', 33, 'Heat'),
 (6, 24, '1968-10-25', 'Stadium A', 33, 'Final'),
 (8, 23, '1968-10-15', 'Stadium A', 54, 'Heat'),
 (9, 23, '1968-10-15', 'Stadium A', 54, 'Heat'),
 (7, 23, '1968-10-25', 'Stadium A', 54, 'Final'),
 (12, 20, '1968-10-22', 'Stadium C', 34, 'Heat'),
 (10, 20, '1968-10-24', 'Stadium C', 34, 'Heat'),
 (11, 20, '1968-10-26', 'Stadium C', 34, 'Final'),
 (13, 5, '1968-10-18', 'Stadium A', 50, 'Final'),
 (14, 17, '1968-10-13', 'Stadium C', 40, 'Final'),
 (16, 25, '1968-10-15', 'Stadium B', 55, 'Heat'),
 (15, 25, '1968-10-16', 'Stadium B', 55, 'Heat'),
 (17, 25, '1968-10-16', 'Stadium B', 55, 'Final'),
 (19, 1, '1968-10-14', 'Stadium A', 30, 'Heat'),
 (18, 1, '1968-10-24', 'Stadium A', 30, 'Final'),
 (20, 10, '1968-10-14', 'Stadium C', 36, 'Heat'),
 (21, 10, '1968-10-18', 'Stadium C', 36, 'Heat'),
 (22, 10, '1968-10-19', 'Stadium C', 36, 'Final'),
 (23, 9, '1968-10-17', 'Stadium C', 39, 'Heat'),
 (24, 9, '1968-10-20', 'Stadium C', 39, 'Final'),
 (25, 7, '1968-10-21', 'Stadium B', 43, 'Heat'),
 (26, 7, '1968-10-21', 'Stadium B', 43, 'Heat'),
 (27, 7, '1968-10-22', 'Stadium B', 43, 'Final'),
 (28, 22, '1968-10-17', 'Stadium B', 33, 'Heat'),
 (29, 22, '1968-10-18', 'Stadium B', 33, 'Final'),
 (30, 32, '1968-10-19', 'Stadium A', 27, 'Heat'),
 (31, 32, '1968-10-24', 'Stadium A', 27, 'Heat'),
 (32, 32, '1968-10-26', 'Stadium A', 27, 'Final'),
 (34, 18, '1968-10-15', 'Stadium C', 22, 'Heat'),
 (33, 18, '1968-10-18', 'Stadium C', 22, 'Heat'),
 (35, 18, '1968-10-20', 'Stadium C', 22, 'Final'),
 (36, 4, '1968-10-14', 'Stadium A', 39, 'Final'),
 (37, 33, '1968-10-15', 'Stadium B', 27, 'Heat'),
 (39, 33, '1968-10-17', 'Stadium B', 27, 'Heat'),
 (38, 33, '1968-10-19', 'Stadium B', 27, 'Final'),
 (41, 3, '1968-10-15', 'Stadium A', 35, 'Heat'),
 (42, 3, '1968-10-23', 'Stadium A', 35, 'Heat'),
 (40, 3, '1968-10-26', 'Stadium A', 35, 'Final'),
 (45, 8, '1968-10-19', 'Stadium C', 75, 'Heat'),
 (44, 8, '1968-10-20', 'Stadium C', 75, 'Heat'),
 (43, 8, '1968-10-21', 'Stadium C', 75, 'Final'),
 (48, 15, '1968-10-16', 'Stadium B', 23, 'Heat'),
 (46, 15, '1968-10-18', 'Stadium B', 23, 'Heat'),
 (47, 15, '1968-10-22', 'Stadium B', 23, 'Final'),
 (49, 29, '1968-10-26', 'Stadium A', 19, 'Final'),
 (52, 16, '1968-10-20', 'Stadium B', 34, 'Heat'),
 (50, 16, '1968-10-21', 'Stadium B', 34, 'Heat'),
 (51, 16, '1968-10-25', 'Stadium B', 34, 'Final'),
 (53, 12, '1968-10-20', 'Stadium C', 42, 'Final'),
 (55, 13, '1968-10-16', 'Stadium C', 36, 'Heat'),
 (54, 13, '1968-10-21', 'Stadium C', 36, 'Final'),
 (56, 28, '1968-10-16', 'Stadium B', 29, 'Final'),
 (57, 11, '1968-10-18', 'Stadium C', 33, 'Heat'),
 (58, 11, '1968-10-19', 'Stadium C', 33, 'Final'),
 (59, 31, '1968-10-23', 'Stadium A', 24, 'Final'),
 (61, 30, '1968-10-13', 'Stadium A', 16, 'Heat'),
 (60, 30, '1968-10-14', 'Stadium A', 16, 'Heat'),
 (62, 30, '1968-10-24', 'Stadium A', 16, 'Final'),
 (63, 27, '1968-10-12', 'Stadium A', 24, 'Heat'),
 (64, 27, '1968-10-24', 'Stadium A', 24, 'Final'),
 (65, 21, '1968-10-18', 'Stadium B', 16, 'Final'),
 (67, 19, '1968-10-24', 'Stadium C', 27, 'Heat'),
 (68, 19, '1968-10-25', 'Stadium C', 27, 'Heat'),
 (66, 19, '1968-10-26', 'Stadium C', 27, 'Final'),
 (69, 6, '1968-10-20', 'Stadium B', 33, 'Final'),
 (71, 26, '1968-10-14', 'Stadium A', 14, 'Heat'),
 (70, 26, '1968-10-23', 'Stadium A', 14, 'Final');

INSERT INTO Athlete (idAthlete, name, surname, gender, team) VALUES 
 (296, 'Zambrose', 'Abdul Rahman', 'M', 'MAS'),
 (313, 'Lawal', 'Kolawole "Kola" Abdulai', 'M', 'NGR'),
 (368, 'Naoki', 'Abe', 'M', 'JPN'),
 (605, 'Fernando', 'J. Abugattas Aboino', 'M', 'PER'),
 (606, 'Roberto', 'Abugattas Aboino', 'M', 'PER'),
 (649, 'Fernando', 'Acevedo Portugues', 'M', 'PER'),
 (703, 'Marianne', '"Marjan" Ackermans-Thomas', 'F', 'NED'),
 (841, 'Walter', 'Adams', 'M', 'FRG'),
 (870, 'William', 'Arthur "Bill" Adcocks', 'M', 'GBR'),
 (887, 'James', 'Aryee Addy', 'M', 'GHA'),
 (926, 'Esau', 'Adenji', 'M', 'CMR'),
 (1117, 'Gennady', 'Mikhaylovich Agapov', 'M', 'URS'),
 (1326, 'Michael', 'Kofi "Mike" Ahey', 'M', 'GHA'),
 (1482, 'Ingeborg', '"Inge" Aigner (-Weichert)', 'F', 'AUT'),
 (1597, 'smail', 'Akay', 'M', 'TUR'),
 (1680, 'Oyeronke', 'Akindele', 'F', 'NGR'),
 (1747, 'Hseyin', 'Akta', 'M', 'TUR'),
 (2255, 'Vyacheslav', 'Nikolayevich Alanov', 'M', 'URS'),
 (2269, 'Altti', 'Matti Ensio Alarotu', 'M', 'FIN'),
 (2438, 'James', 'Noel Carroll "Jim" Alder', 'M', 'GBR'),
 (2560, 'Jaroslav', 'Alexa', 'M', 'TCH'),
 (3075, 'Frederick', 'John "Fred" Alsop', 'M', 'GBR'),
 (3162, 'Javier', 'lvarez Salgado', 'M', 'ESP'),
 (3273, 'Domingo', 'Amaizn Mastroianni', 'M', 'ARG'),
 (3380, 'Antonio', '"Antonino" Ambu', 'M', 'ITA'),
 (3415, 'John', 'A. Ametepey', 'M', 'GHA'),
 (3468, 'Ernst', 'Ammann', 'M', 'SUI'),
 (3471, 'Sieglinde', 'Ammann (Pfannerstill-)', 'F', 'SUI'),
 (3485, 'Johnson', 'O. Amoah', 'M', 'GHA'),
 (3666, 'Martin', 'Ande', 'M', 'NGR'),
 (3968, 'Stig', 'rjan Andersson', 'M', 'SWE'),
 (4438, 'Alice', 'Annum', 'F', 'GHA'),
 (4487, 'Mrta', 'Antal-Rudas', 'F', 'HUN'),
 (4495, 'Meta', 'Antenen (-Mathys)', 'F', 'SUI'),
 (4630, 'Charlemagne', 'Anyamah', 'M', 'FRA'),
 (4997, 'Francesco', '"Franco" Arese', 'M', 'ITA'),
 (5001, 'Luis', 'Felipe Areta Sampriz', 'M', 'ESP'),
 (5034, 'Juan', 'Argello Sandoval', 'M', 'NCA'),
 (5279, 'Hernando', 'Arrechea', 'M', 'COL'),
 (5446, 'Yevhen', 'Oleksandrovych Arzhanov', 'M', 'URS'),
 (5482, 'Charles', 'Asati', 'M', 'KEN'),
 (5594, 'Victor', 'Asirvatham', 'M', 'MAS'),
 (5697, 'Jos', 'Nicols Astacio', 'M', 'ESA'),
 (5991, 'Rein', 'Aun', 'M', 'URS'),
 (6123, 'Mykola', 'Viktorovych Avilov', 'M', 'URS'),
 (6190, 'Labidi', 'Djaouadi Ayachi', 'M', 'TUN'),
 (6523, 'Jack', 'Stangl "Jack" Bacheler', 'M', 'USA'),
 (6662, 'Andrzej', 'Stanisaw Badeski', 'M', 'POL'),
 (6724, 'Baeg', 'Ok-Ja', 'F', 'KOR'),
 (6754, 'Carlos', 'Bez Guzman', 'M', 'PUR'),
 (6759, 'Ezequiel', 'Baeza', 'M', 'CHI'),
 (6878, 'Margaret', 'Ann Bailes (Johnson-)', 'F', 'USA'),
 (6889, 'David', 'George "Dave" Bailey', 'M', 'CAN'),
 (6942, 'RaNae', 'Jean Bair (-Seaman)', 'F', 'USA'),
 (7117, 'Jan', 'Balachowski', 'M', 'POL'),
 (7248, 'Anthony', 'Richard Balfour', 'M', 'BAH'),
 (7254, 'Viktor', 'Balikhin', 'M', 'URS'),
 (7366, 'Gyrgyi', 'Balogh-Szomov', 'F', 'HUN'),
 (7430, 'Clicien', 'Alexandre Roger Bambuck', 'M', 'FRA'),
 (7581, 'Monique', 'Bantgny (Parenty-)', 'F', 'FRA'),
 (7583, 'Ralph', 'Banthorpe', 'M', 'GBR'),
 (7637, 'Emilio', 'Barahona', 'M', 'HON'),
 (7791, 'Otto', 'Eduardovich Barch', 'M', 'URS'),
 (7906, 'Leonid', 'Barkovskiy', 'M', 'URS'),
 (7943, 'Ghislaine', 'Brigitte Marie Barnay (-Bambuck)', 'F', 'FRA'),
 (7994, 'Eric', 'Richard "Enrico" Barney', 'M', 'ARG'),
 (8110, 'Timothy', 'Edward A. "Tim" Barrett', 'M', 'BAH'),
 (8335, 'Maureen', 'Anne Barton-Chitty', 'F', 'GBR'),
 (8455, 'Norma', 'Enriqueta Basilio Sotelo', 'F', 'MEX'),
 (8460, 'Estelle', 'Jane Baskerville (-Diehl)', 'F', 'USA'),
 (8703, 'Ingeborg', '"Inge" Bauer (Exner-)', 'F', 'GDR'),
 (8761, 'Helmuth', 'Baumann', 'M', 'GDR'),
 (9026, 'Robert', '"Bob" Beamon', 'M', 'USA'),
 (9261, 'Flix', 'Bcquer Lastra', 'M', 'MEX'),
 (9337, 'Arnjolt', 'Beer', 'M', 'FRA'),
 (9343, 'Klaus', 'Beer', 'M', 'GDR'),
 (9658, 'Charles', 'Wade Bell', 'M', 'USA'),
 (9719, 'Sergio', 'Bello', 'M', 'ITA'),
 (9998, 'Kurt', 'Bendlin', 'M', 'FRG'),
 (10143, 'Maurice', 'Benn', 'M', 'GBR'),
 (10172, 'Joyce', 'Elaine Bennett (-Sala Tenna)', 'F', 'AUS'),
 (10334, 'Brigitte', 'Berendonk (-Franke)', 'F', 'FRG'),
 (10394, 'Ove', 'Kjell Berg', 'M', 'SWE'),
 (10798, 'Livio', 'Berruti', 'M', 'ITA'),
 (10835, 'Berit', 'Berthelsen (Tien-)', 'F', 'NOR'),
 (10878, 'Stephanie', 'Berto (-Berkun)', 'F', 'CAN'),
 (10907, 'Gilles', 'Bertould', 'M', 'FRA'),
 (10996, 'Colette', 'Besson (-Nogus)', 'F', 'FRA'),
 (11145, 'Uwe', 'Beyer', 'M', 'FRG'),
 (11156, 'Tegegne', 'Bezabeh', 'M', 'ETH'),
 (11350, 'Franz', 'Biedermann', 'M', 'LIE'),
 (11467, 'Abebe', 'Bikila', 'M', 'ETH'),
 (11711, 'Heinfried', 'Ernst Birlenbach', 'M', 'FRG'),
 (11712, 'Georgios', 'Birmbilis', 'M', 'GRE'),
 (11864, 'Amos', 'Kipwabok Biwott', 'M', 'KEN'),
 (12039, 'Yordanka', 'Blagoeva Ivanova', 'F', 'BUL'),
 (12264, 'Hennadiy', 'Oleksiyovych Bleznitsov', 'M', 'URS'),
 (12283, 'John', 'Alan Blinston', 'M', 'GBR'),
 (12340, 'John-Erik', 'Blomqvist', 'M', 'SWE'),
 (12417, 'Franklin', 'Blyden', 'M', 'ISV'),
 (12442, 'Lillian', 'Barbara Board', 'F', 'GBR'),
 (12648, 'Olajumoke', 'Bodunrin', 'F', 'NGR'),
 (12769, 'Judit', 'Bognr (-Lendvay)', 'F', 'HUN'),
 (13024, 'Viktor', 'Bolshov', 'M', 'URS'),
 (13071, 'Naftali', 'Bon', 'M', 'KEN'),
 (13113, 'Virginia', 'Bonci (-Ioan)', 'F', 'ROU'),
 (13352, 'Derek', 'Charles Joseph Boosey', 'M', 'GBR'),
 (13571, 'Manon', 'Bornholdt (-Eigenherr)', 'F', 'FRG'),
 (13727, 'Reinhold', 'Boschert', 'M', 'FRG'),
 (13797, 'Ralph', 'Harold Boston', 'M', 'USA'),
 (14054, 'John', 'Peter Boulter', 'M', 'GBR'),
 (14258, 'Dianne', 'Marie Bowering-Burge', 'F', 'AUS'),
 (14294, 'Jacques', '"Jacky" Boxberger', 'M', 'FRA'),
 (14302, 'Renate', 'Boy-Garisch-Culmberger', 'F', 'GDR'),
 (14321, 'Peter', 'Boyce', 'M', 'AUS'),
 (14323, 'Andrew', 'Harry "Andy" Boychuk', 'M', 'CAN'),
 (14374, 'Raelene', 'Ann Boyle', 'F', 'AUS'),
 (14888, 'Roland', 'Brehmer', 'M', 'POL'),
 (15164, 'Arnaldo', 'Bristol Sabater', 'M', 'PUR'),
 (15366, 'Wesley', '"Wes" Brooker', 'M', 'CAN'),
 (15395, 'Victor', 'Brooks', 'M', 'JAM'),
 (15413, 'Klaus-Ludwig', 'Brosius', 'M', 'FRG'),
 (15508, 'Doris', 'Elaine Brown (Severtson-; -Heritage)', 'F', 'USA'),
 (15575, 'Reynaldo', 'Ray Brown', 'M', 'USA'),
 (15582, 'Sandra', 'Elizabeth Brown (-Webb)', 'F', 'AUS'),
 (15669, 'Bjrn', 'Richard "Ricky" Bruch', 'M', 'SWE'),
 (15884, 'David', 'Gareth Bryan-Jones', 'M', 'GBR'),
 (16188, 'Valeria', 'Bufanu-tefnescu', 'F', 'ROU'),
 (16221, 'Samuel', 'Zanya "Sam" Bugri', 'M', 'GHA'),
 (16239, 'Rolf', 'Bhler', 'M', 'SUI'),
 (16367, 'Michael', 'Anthony "Mike" Bull', 'M', 'GBR'),
 (16555, 'Lennox', 'Garth Burgher', 'M', 'JAM'),
 (16607, 'Edward', 'Andrew "Ed" Burke', 'M', 'USA'),
 (16667, 'Karin', 'Burneleit (-Krebs)', 'F', 'GDR'),
 (16683, 'Ezra', 'Ellsworth Burnham', 'M', 'BAR'),
 (16795, 'Pasquale', 'Busca', 'M', 'ITA'),
 (16805, 'Jrgen', 'Busch', 'M', 'GDR'),
 (17324, 'Maureen', 'Caird (-Jones)', 'F', 'AUS'),
 (17463, 'Sharon', 'Marie Callahan (-McKniff)', 'F', 'USA'),
 (17503, 'Andrs', 'Roberto Calonge', 'M', 'ARG'),
 (17537, 'Euclides', 'Calzado Lpez-Cardona', 'M', 'CUB'),
 (17694, 'Colin', 'William Ashburner Campbell', 'M', 'GBR'),
 (17784, 'Eladio', 'Campos Aleman', 'M', 'MEX'),
 (17861, 'Nurullah', 'Candan', 'M', 'TUR'),
 (18070, 'Felix', 'Cappella', 'M', 'CAN'),
 (18112, 'Leonida', 'Caraiosifoglu', 'M', 'ROU'),
 (18216, 'Jacques', 'Carette', 'M', 'FRA'),
 (18290, 'John', 'Wesley Carlos', 'M', 'USA'),
 (18300, 'Gary', 'David Carlsen', 'M', 'USA'),
 (18383, 'Roberto', 'Carmona Botella', 'M', 'MEX'),
 (18549, 'Casey', 'D. Carrigan', 'M', 'USA'),
 (18588, 'Noel', 'J. Carroll', 'M', 'IRL'),
 (18633, 'Christopher', 'Sydney "Chris" Carter', 'M', 'GBR'),
 (18683, 'Edward', 'Julius "Ed" Caruthers; Jr.', 'M', 'USA'),
 (18834, 'Lutz', 'Caspers', 'M', 'FRG'),
 (18904, 'Roberto', 'Castellanos Braa', 'M', 'ESA'),
 (19040, 'Olimpia', 'Cataram', 'F', 'ROU'),
 (19180, 'Benedict', 'Hutchinson "Ben" Cayenne', 'M', 'TTO'),
 (19271, 'Eva', 'Gunilla Cederstrm (-Warchalowski)', 'F', 'SWE'),
 (19887, 'Michel', 'Charland', 'M', 'CAN'),
 (19924, 'Vilma', 'Belle Charlton', 'F', 'JAM'),
 (20142, 'Tekla', 'Chemabwai', 'F', 'KEN'),
 (20178, 'Chen', 'Chuan-Show', 'M', 'TPE'),
 (20243, 'Chen', 'Ming-Chi', 'M', 'TPE'),
 (20539, 'Elizabeth', 'Chesire', 'F', 'KEN'),
 (20609, 'Chi', '(-Reel) Cheng', 'F', 'TPE'),
 (20715, 'Norman', 'Chihota', 'M', 'TAN'),
 (20892, 'Nadezhda', 'Vladimirovna Chizhova', 'F', 'URS'),
 (20912, 'Anna', 'Chmelkov (Blanrikov-)', 'F', 'TCH'),
 (21123, 'Nyak', 'Voon Nasar-ud-Din "Anthony" Chong', 'M', 'MAS'),
 (21628, 'erban', 'Ciochin', 'M', 'ROU'),
 (21657, 'Maria', 'de Conceio Cipriano', 'F', 'BRA'),
 (21799, 'Frank', 'Allan Clark', 'M', 'AUS'),
 (21881, 'Ronald', 'William "Ron" Clarke', 'M', 'AUS'),
 (21958, 'Derek', 'J. Clayton', 'M', 'AUS'),
 (21964, 'Wellesley', 'Kenneth Clayton', 'M', 'JAM'),
 (22139, 'Miguelina', 'Cobin Hechavarra', 'F', 'CUB'),
 (22146, 'Jean', 'Cochard', 'M', 'FRA'),
 (22351, 'Leonard', '"Leon" Coleman', 'M', 'USA'),
 (22382, 'Pablo', 'Coln Martnez', 'M', 'MEX'),
 (22493, 'Pierre', 'Colnard', 'M', 'FRA'),
 (22579, 'Ren', 'Christian Combes', 'M', 'FRA'),
 (22698, 'Harold', 'Vincent "Hal" Connolly', 'M', 'USA'),
 (22941, 'John', 'Hugh Cooper', 'M', 'GBR'),
 (23037, 'Efran', 'Cordero', 'M', 'ESA'),
 (23049, 'Luis', 'Arturo Crdoba', 'M', 'HON'),
 (23084, 'Giovanni', 'Cornacchia', 'M', 'ITA'),
 (23151, 'Cristbal', 'Corrales', 'M', 'HON'),
 (23543, 'Anne', 'Covell', 'F', 'CAN'),
 (23546, 'Frank', 'George Covelli', 'M', 'USA'),
 (23725, 'Allen', 'David Crawley', 'M', 'AUS'),
 (23920, 'David', '"Dave" Cropper', 'M', 'GBR'),
 (23924, 'Giacomo', 'Crosa', 'M', 'ITA'),
 (24055, 'Ricardo', 'Alberto Cruz Flores', 'M', 'ESA'),
 (24069, 'Magdolna', 'Csbi-Komka (-Zsivtzky)', 'F', 'HUN'),
 (24160, 'Alfredo', 'Ernesto Cubas Borges', 'M', 'ESA'),
 (24194, 'Guillermo', 'Cuello', 'M', 'ARG'),
 (24357, 'Carlos', 'Octavio Cuque Lpez', 'M', 'GUA'),
 (24498, 'Jan', 'Cych', 'M', 'POL'),
 (24562, 'Zoltn', 'Cziffra', 'M', 'HUN'),
 (24871, 'Judith', '"Jay" Dahlgren', 'F', 'CAN'),
 (24919, 'Saoud', 'Obaid Daifallah', 'M', 'KUW'),
 (25157, 'Ludvk', 'Dank', 'M', 'TCH'),
 (25226, 'Billie', 'Jo Patricia "Pat" Daniels-Winslow (-Bank; -Connolly)', 'F', 'USA'),
 (25456, 'Dashzevgiin', 'Namjilmaa', 'F', 'MGL'),
 (25546, 'Wilbur', 'D. "Willie" Davenport', 'M', 'USA'),
 (25623, 'Howard', 'Granville Davies', 'M', 'GBR'),
 (25635, 'Lynn', 'Davies', 'M', 'GBR'),
 (25787, 'Harry', 'Ronald "Ron" Daws', 'M', 'USA'),
 (25806, 'Robert', 'Winston "Bob" Day', 'M', 'USA'),
 (25837, 'Herv', 'd''Encausse', 'M', 'FRA'),
 (26314, 'Josephine', 'H. de la Via', 'F', 'PHI'),
 (26496, 'Eduard', 'Jan "Ed" de Noorlander', 'M', 'NED'),
 (26514, 'Manuel', 'Figueiredo de Oliveira', 'M', 'POR'),
 (26526, 'Gioacchino', 'De Palma', 'M', 'ITA'),
 (27029, 'Fikru', 'Deguefu', 'M', 'ETH'),
 (27031, 'Andr', 'Dehertoghe', 'M', 'BEL'),
 (27098, 'Giovanni', '"Gianni" Del Buono', 'M', 'ITA'),
 (27232, 'Jocelyn', 'Delecour', 'M', 'FRA'),
 (27240, 'Henri', 'Delerue', 'M', 'FRA'),
 (27348, 'Ihor', 'Della-Rossa', 'M', 'URS'),
 (27600, 'Nicole', 'Denise (-Perez)', 'F', 'FRA'),
 (28008, 'Alfredo', 'Juan Deza Fuller', 'M', 'PER'),
 (28121, 'Mansour', 'Mamadou Dia', 'M', 'SEN'),
 (28291, 'Rodobaldo', 'Daz Arrambarry', 'M', 'CUB'),
 (28455, 'Walter', 'Diel', 'M', 'AUT'),
 (28456, 'Bernd', 'Diener', 'M', 'GDR'),
 (28765, 'Yoyaga', 'Dit Fatogoma Dit Coulibaly', 'M', 'CIV'),
 (29094, 'Musa', 'Dogon Yaro', 'M', 'NGR'),
 (29221, 'Bohdan', '"Don" Domansky', 'M', 'CAN'),
 (29446, 'Thomas', 'Robert "Tom" Dooley', 'M', 'USA'),
 (29566, 'Ada', 'Menezes dos Santos', 'F', 'BRA'),
 (29611, 'Csaba', 'Dosa', 'M', 'ROU'),
 (29655, 'Ralph', 'Douglas Doubell', 'M', 'AUS'),
 (29916, 'William', 'Santino Dralu', 'M', 'UGA'),
 (29946, 'Jerome', 'Drayton', 'M', 'CAN'),
 (30039, 'Lois', 'Anne Drinkwater (-Thompson)', 'F', 'USA'),
 (30393, 'Nikolay', 'Afanasyevich Dudkin', 'M', 'URS'),
 (30402, 'Marian', 'Andrzej Dudziak', 'M', 'POL'),
 (30461, 'Jean-Pierre', 'Dufresne', 'M', 'FRA'),
 (30767, 'Maryvonne', 'Dupureur (Samson-)', 'F', 'FRA'),
 (30829, 'Marcel', 'Duriez', 'M', 'FRA'),
 (30920, 'Werner', 'Duttweiler', 'M', 'SUI'),
 (31040, 'Byron', 'Alphonso Dyce', 'M', 'JAM'),
 (31051, 'Julia', 'Marie "Judy" Dyer', 'F', 'USA'),
 (31085, 'Juan', 'Carlos Pablo Dyrzka', 'M', 'ARG'),
 (31125, 'Spas', 'Dzhurov', 'M', 'BUL'),
 (31344, 'Sndor', 'Eckschmiedt', 'M', 'HUN'),
 (31588, 'Harald', 'Eggers', 'M', 'GDR'),
 (31630, 'Anthony', 'Egwunyenga', 'M', 'NGR'),
 (31719, 'Joachim', '"Jochen" Eigenherr', 'M', 'FRG'),
 (31795, 'David', 'Ejoke', 'M', 'NGR'),
 (32085, 'Hassan', 'El-Mech', 'M', 'MAR'),
 (32232, 'Marlene', 'Elejarde Daz', 'F', 'CUB'),
 (32244, 'Bryan', 'Eley', 'M', 'GBR'),
 (32338, 'Henry', 'Junior Elliott', 'M', 'FRA'),
 (32362, 'David', 'John "Dave" Ellis', 'M', 'CAN'),
 (32522, 'Roswitha', 'Emonts-Gast (-Casin)', 'F', 'BEL'),
 (32619, 'Heinfried', 'Engel', 'M', 'FRG'),
 (32799, 'Rodolfo', 'Erazo Santos', 'M', 'HON'),
 (32814, 'Heinz', 'Erbster', 'M', 'GDR'),
 (32919, 'Laine', 'Erik (-Kallas)', 'F', 'URS'),
 (33301, 'Horacio', 'E. Esteves Orihuela', 'M', 'VEN'),
 (33349, 'Albertino', 'Etchechury', 'M', 'URU'),
 (33457, 'Lee', 'Edward Evans', 'M', 'USA'),
 (33525, 'Valentyna', 'Evert (-Borysevych)', 'F', 'URS'),
 (33773, 'Johann', '"Hans" Fahsl', 'M', 'FRG'),
 (33810, 'Mria', 'Faithov-Mranov', 'F', 'TCH'),
 (34006, 'Jnos', 'Farag', 'M', 'HUN'),
 (34030, 'Nedeljko', '"Nedo" Fari', 'M', 'YUG'),
 (34151, 'Thomas', 'Francis "Tom" Farrell', 'M', 'USA'),
 (34162, 'John', 'Allan Farrington', 'M', 'AUS'),
 (34638, 'Grard', 'Fenouil', 'M', 'FRA'),
 (35011, 'Barbara', 'Ann Ferrell (-Edmonson)', 'F', 'USA'),
 (35268, 'Enrique', 'Figuerola Camu', 'M', 'CUB'),
 (35279, 'Olga', 'Fikotov-Connolly', 'F', 'USA'),
 (35404, 'Renzo', 'Finelli', 'M', 'ITA'),
 (35417, 'Robert', '"Bob" Finlay', 'M', 'CAN'),
 (35581, 'Joan', 'Fisher', 'F', 'CAN'),
 (35906, 'Galdino', 'Flores Valles', 'M', 'MEX'),
 (35991, 'ura', 'Foi', 'F', 'YUG'),
 (36202, 'Clifton', 'Forbes', 'M', 'JAM'),
 (36332, 'Bo', 'Erik rjan Forssander', 'M', 'SWE'),
 (36401, 'Richard', 'Douglas "Dick" Fosbury', 'M', 'USA'),
 (36635, 'Juan', 'Franceschi', 'M', 'PUR'),
 (36898, 'Michael', '"Mike" Fray', 'M', 'JAM'),
 (36996, 'Ronald', 'John "Ron" Freeman; III', 'M', 'USA'),
 (37083, 'Peter', 'Frenkel', 'M', 'GDR'),
 (37153, 'Xaver', 'Frick; Jr.', 'M', 'LIE'),
 (37183, 'Edgar', 'Friedli', 'M', 'SUI'),
 (37189, 'Barbara', 'Ann Friedrich (-Parcinski)', 'F', 'USA'),
 (37235, 'Roberto', 'Frinolli Puzzilli', 'M', 'ITA'),
 (37323, 'Dieter', 'Fromm', 'M', 'GDR'),
 (37418, 'Marlene', 'Fuchs (Klein-)', 'F', 'FRG'),
 (37960, 'Leszek', '"Lech" Gajdziski', 'M', 'POL'),
 (37968, 'Amadou', 'Gakou', 'M', 'SEN'),
 (38252, 'Mohamad', 'Tlili ben Abdallah Gammoudi', 'M', 'TUN'),
 (38476, 'Marcia', 'Alejandra Garbey Momtell', 'F', 'CUB'),
 (38608, 'Jos', 'Garca Gaspar', 'M', 'MEX'),
 (38619, 'Juan', 'Manuel Garca Dumois', 'M', 'CUB'),
 (38737, 'Sven', 'Anders Grderud', 'M', 'SWE'),
 (38744, 'Robert', 'Charles "Bob" Gardiner', 'M', 'AUS'),
 (38874, 'Pablo', 'Garrido Lugo', 'M', 'MEX'),
 (38877, 'Luis', 'Mara Garriga Ortz', 'M', 'ESP'),
 (39163, 'Valentin', 'Aleksandrovich Gavrilov', 'M', 'URS'),
 (39329, 'Wilfried', 'Geeroms', 'M', 'BEL'),
 (39508, 'Giuseppe', 'Gentile', 'M', 'ITA'),
 (39860, 'Morgan', 'Gesmalla', 'M', 'SUD'),
 (40034, 'Omar', 'Ghizlat', 'M', 'MAR'),
 (40558, 'Werner', 'Girke', 'M', 'FRG'),
 (40570, 'Esperanza', 'Emma Girn Olivares', 'F', 'MEX'),
 (40792, 'Traugott', 'Glckler', 'M', 'FRG'),
 (41195, 'Lyudmila', 'Golomazova (Gaponova-)', 'F', 'URS'),
 (41360, 'Maria', 'Francisca Philomena "Mia" Gommers (-Hoogakkers)', 'F', 'NED'),
 (41481, 'Armando', 'J. Gonzlez Iguini', 'M', 'URU'),
 (41546, 'Jorge', 'Gonzlez Amo', 'M', 'ESP'),
 (41616, 'Miguel', 'Angel Gonzlez', 'M', 'MEX'),
 (41808, 'Juan', 'Santiago Gordn', 'M', 'CHI'),
 (42122, 'Donata', 'Govoni (-Sandrini)', 'F', 'ITA'),
 (42160, 'Uwe', 'Grabe', 'M', 'GDR'),
 (42317, 'Pedro', 'Antonio Grajales Escobar', 'M', 'COL'),
 (42637, 'Josephine', 'Mary Green (-Tagg)', 'F', 'GBR'),
 (42662, 'Charles', 'Edward "Charlie" Greene', 'M', 'USA'),
 (42928, 'Sergey', 'Grigoryev', 'M', 'URS'),
 (43191, 'Jorge', 'Grosser Castillo', 'M', 'CHI'),
 (43349, 'Vera', 'Grushkina (-Gavrilova)', 'F', 'URS'),
 (43503, 'Guram', 'Gudashvili', 'M', 'URS'),
 (43861, 'Rajalingam', 'Gunaratnam', 'M', 'MAS'),
 (44045, 'Ilona', 'Maria Gusenbauer (Majdan-)', 'F', 'AUT'),
 (44060, 'Eduard', 'Viktorovich Gushchin', 'M', 'URS'),
 (44167, 'Gustavo', 'Gutirrez', 'M', 'ECU'),
 (44320, 'Josef', 'Gwerder', 'M', 'SUI'),
 (44486, 'Jrgen', 'Haase', 'M', 'GDR'),
 (44543, 'Matias', 'Habtemichael', 'M', 'ETH'),
 (44606, 'Jaddor', 'Hamadi Ben Haddou', 'M', 'MAR'),
 (44824, 'Eeva', 'Inkeri Haimi (-Hongisto)', 'F', 'FIN'),
 (44991, 'Albert', 'William "Al" Hall', 'M', 'USA'),
 (45004, 'Ervin', 'Henry "Erv" Hall', 'M', 'USA'),
 (45145, 'Rudolph', 'John "Rudy" Haluza', 'M', 'USA'),
 (45215, 'Catherine', 'Louise "Cathy" Hamblin', 'F', 'USA'),
 (45785, 'Nina', 'Ella Damkier Hansen (-Fahne)', 'F', 'DEN'),
 (45808, 'Tom', 'Birger Hansen', 'M', 'DEN'),
 (46107, 'Mariano', 'Haro Cisneros', 'M', 'ESP'),
 (46123, 'Anthony', '"Tony" Harper', 'M', 'BER'),
 (46387, 'Carlos', 'Eduardo Hasbn Zablah', 'M', 'ESA'),
 (47103, 'Lennart', 'Per-Olav Hedmark', 'M', 'SWE'),
 (47215, 'William', '"Bill" Heikkila', 'M', 'CAN'),
 (47480, 'Margitta', 'Helmbold-Gummel', 'F', 'GDR'),
 (47515, 'David', 'Peter "Dave" Hemery', 'M', 'GBR'),
 (47610, 'Joan', 'Hendry', 'F', 'CAN'),
 (47661, 'Klaus-Peter', 'Hennig', 'M', 'FRG'),
 (47664, 'Gerhard', 'Hennige', 'M', 'FRG'),
 (47671, 'Helga', 'Henning (-Fricke)', 'F', 'FRG'),
 (47681, 'Geertruida', 'Leonie "Truus" Hennipman-Cruiming', 'F', 'NED'),
 (47902, 'Rolf', 'Herings', 'M', 'FRG'),
 (47943, 'Gumundur', 'Kristjn Hermannsson', 'M', 'ISL'),
 (48010, 'Fulgencio', 'Hernndez Car', 'M', 'GUA'),
 (48026, 'Ismael', 'Hernndez Avila', 'M', 'MEX'),
 (48173, 'Maurice', 'Herriott', 'M', 'GBR'),
 (48215, 'Gert', 'Herunter', 'M', 'AUT'),
 (48429, 'Jos', 'Jacinto Hidalgo', 'M', 'VEN'),
 (48592, 'Ronald', 'J. "Ron" Hill', 'M', 'GBR'),
 (48684, 'Hadley', 'Andrew Hinds', 'M', 'BAR'),
 (48696, 'James', 'Ray "Jim" Hines', 'M', 'USA'),
 (48890, 'Hla', 'Thein', 'M', 'MYA'),
 (48940, 'Ho', 'Henh Phc', 'M', 'VIE'),
 (49112, 'Abigail', 'Golda "Abby" Hoffman', 'F', 'CAN'),
 (49132, 'Dieter', 'Hoffmann', 'M', 'GDR'),
 (49220, 'James', 'Joseph "Jim" Hogan (Cregan-)', 'M', 'GBR'),
 (49265, 'Christoph', 'Hhne', 'M', 'GDR'),
 (49611, 'Volodymyr', 'Stepanovych Holubnychiy', 'M', 'URS'),
 (49734, 'Hong', 'Son-Long', 'M', 'TPE'),
 (49776, 'Rbert', 'Honti', 'M', 'HUN'),
 (49806, 'Lars-Olof', 'Hk', 'M', 'SWE'),
 (49869, 'Rolf', 'Hoppe', 'M', 'CHI'),
 (50260, 'Philippe', 'Georges Albert Alexis Fernand  Housiaux', 'M', 'BEL'),
 (50471, 'Sneana', 'Hrepevnik', 'F', 'YUG'),
 (50680, 'Eduard', '"Edy" Hubacher', 'M', 'SUI'),
 (50747, 'Rudolf', 'Hbner', 'M', 'TCH'),
 (50752, 'Miloslava', 'Hbnerov-Rezkov', 'F', 'TCH'),
 (50858, 'Robert', 'Peter "Bob" Hughes', 'M', 'GBR'),
 (51237, 'Angelo', 'Koko Nimir Hussein', 'M', 'SUD'),
 (51637, 'Mahamat', 'Idriss (Koundja Ouya-)', 'M', 'CHA'),
 (51650, 'Liudmila', 'Ievleva', 'F', 'URS'),
 (51713, 'Lyudmila', 'Ivanovna Ignatyeva-Samotyosova', 'F', 'URS'),
 (51723, 'Samuel', 'Igun', 'M', 'NGR'),
 (51747, 'Hideo', 'Iijima', 'M', 'JPN'),
 (51879, 'Karin', 'Illgen', 'F', 'GDR'),
 (52151, 'Stefan', 'Ulf Arne Ingvarsson', 'M', 'SWE'),
 (52162, 'Barbara', 'Jean Inkpen (-Lawton)', 'F', 'GBR'),
 (52431, 'Kjell', 'Gunnar Isaksson', 'M', 'SWE'),
 (52485, 'Yoshihisa', 'Ishida', 'M', 'JPN'),
 (52631, 'Ahmed', 'Issa', 'M', 'CHA'),
 (52788, 'Dragn', 'Ivanov', 'M', 'HUN'),
 (52828, 'Nikolay', 'Nikolayevich Ivanov', 'M', 'URS'),
 (53124, 'John', 'McKenzie Jackson', 'M', 'GBR'),
 (53338, 'Rita', 'Jahn-Wilden', 'F', 'FRG'),
 (53493, 'George', 'Lawrence "Larry" James', 'M', 'USA'),
 (53515, 'Della', 'Patricia James-Pascoe', 'F', 'GBR'),
 (53598, 'Aurelio', 'Janet Torres', 'M', 'CUB'),
 (53697, 'Eva', 'Janko (Egger-)', 'F', 'AUT'),
 (54009, 'Jan', 'Jasklski', 'M', 'POL'),
 (54068, 'Daniela', 'Jaworska (Tarkowska-)', 'F', 'POL'),
 (54180, 'Manikavasagam', '"Mani" Jegathesan', 'M', 'MAS'),
 (54192, 'Jaroslava', 'Jehlikov', 'F', 'TCH'),
 (54241, 'Martin', 'Jellinghaus', 'M', 'FRG'),
 (54652, 'Henry', 'Winston "Harry" Jerome', 'M', 'CAN'),
 (54919, 'Benjamin', 'Wabura "Ben" Jipcho', 'M', 'KEN'),
 (55293, 'Hinrich', 'John', 'M', 'FRG'),
 (55414, 'Edwin', 'Luther Kevin Johnson', 'M', 'BAH'),
 (55449, 'Roger', 'Vivian Johnson', 'M', 'NZL'),
 (55527, 'Timothy', 'Frederick Kemball "Tim" Johnston', 'M', 'GBR'),
 (55615, 'Arthur', 'John Jones', 'M', 'GBR'),
 (55715, 'Patricia', 'Ann "Pat" Jones', 'F', 'GBR'),
 (55726, 'Ronald', '"Ron" Jones', 'M', 'GBR'),
 (56182, 'Mauricio', 'Jubis Zacaras', 'M', 'ESA'),
 (56320, 'Tom', 'Jungwirth', 'M', 'TCH'),
 (56850, 'Godwin', 'Kalimbwe', 'M', 'ZAM'),
 (56947, 'Henrik', 'Kalocsai', 'M', 'HUN'),
 (57011, 'Claver', 'Kamanya', 'M', 'TAN'),
 (57633, 'Jan-Erik', 'Karlsson', 'M', 'SWE'),
 (57858, 'Jalal', 'Ali "Joe" Kashmiri', 'M', 'IRI'),
 (58066, 'Alicia', 'Adela Kaufmanas', 'F', 'ARG'),
 (58429, 'Kipchoge', 'Hezekieh "Kip" Keino', 'M', 'KEN'),
 (58457, 'Ilja', 'Keizer-Laman', 'F', 'NED'),
 (58561, 'Barrie', 'Harrison Kelly', 'M', 'GBR'),
 (58579, 'John', 'Kelly', 'M', 'IRL'),
 (58653, 'Franz-Josef', 'Kemper', 'M', 'FRG'),
 (59066, 'Mohamed', 'Souai Asswai Khalifa', 'M', 'LBA'),
 (59314, 'Oleksiy', 'Khlopotnov', 'M', 'URS'),
 (59459, 'Ivanka', 'Marinova Khristova (Todorova-)', 'F', 'BUL'),
 (59700, 'Pamela', '"Pam" Kilborn-Ryan (-Nelson)', 'F', 'AUS'),
 (59775, 'Kim', 'Bong-Nae', 'M', 'KOR'),
 (60401, 'Kenji', 'Kimihara', 'M', 'JPN'),
 (60449, 'Manfred', 'Kinder', 'M', 'FRG'),
 (60544, 'Jorma', 'Vilho Paavali Kinnunen', 'M', 'FIN'),
 (60620, 'Wilson', 'Arap Chuma Kiprugut', 'M', 'KEN'),
 (60774, 'Joachim', 'Kirst', 'M', 'GDR'),
 (60830, 'Etelka', 'Kispl (Skultti-)', 'F', 'HUN'),
 (60833, 'Antal', 'Kiss', 'M', 'HUN'),
 (60847, 'Gyrgy', 'Kiss', 'M', 'HUN'),
 (60859, 'Mria', 'Kiss', 'F', 'HUN'),
 (61020, 'Rudolf', 'Klaban', 'M', 'AUT'),
 (61105, 'Joln', 'Kleiber-Kontsek', 'F', 'HUN'),
 (61238, 'Romuald', 'Iosifovich Klim', 'M', 'URS'),
 (61351, 'Goetz', 'Heinrich Klopfer', 'M', 'USA'),
 (61513, 'Hansredi', 'Knill', 'M', 'SUI'),
 (61536, 'Gary', 'James Knoke', 'M', 'AUS'),
 (61934, 'Benjamin', 'Kipkurgat Arap Kogo', 'M', 'KEN'),
 (62271, 'Amelie', 'Koloska (Isermeyer-)', 'F', 'FRG'),
 (62308, 'Wadysaw', 'Komar', 'M', 'POL'),
 (62401, 'Gennady', 'Dmitriyevich Kondrashov', 'M', 'URS'),
 (62411, 'Gaoussou', 'Kon', 'M', 'CIV'),
 (62896, 'Vera', 'Korsakova (-Semyonova)', 'F', 'URS'),
 (63305, 'Ioannis', 'Kousoulas', 'M', 'GRE'),
 (63423, 'Annamria', 'Kovcs-Tth', 'F', 'HUN'),
 (63621, 'Valentyna', 'Vasylivna Kozyr (-Avilova)', 'F', 'URS'),
 (63666, 'Denis', 'Sgui Kragb', 'M', 'CIV'),
 (63690, 'Francea', 'Norma "Francie" Kraker (-Johnson; -Goodridge)', 'F', 'USA'),
 (63897, 'Lucyna', 'Krawcewicz', 'F', 'POL'),
 (64319, 'Arnd', 'Krger', 'M', 'FRG'),
 (64661, 'Viktor', 'Volodymyrovych Kudynskiy', 'M', 'URS'),
 (64684, 'Joachim', 'Kugler', 'M', 'FRG'),
 (64805, 'Gergely', 'Kulcsr', 'M', 'HUN'),
 (64896, 'Praveen', 'Kumar Sobti', 'M', 'IND'),
 (64948, 'Kun', 'Min-Mu', 'M', 'TPE'),
 (64955, 'Canagasabai', 'Kunalan', 'M', 'SGP'),
 (64984, 'Helmut', 'Kunisch', 'M', 'SUI'),
 (65014, 'Hansruedi', 'Kunz', 'M', 'SUI'),
 (65293, 'Ronald', 'Craig "Ron" Kutschinski', 'M', 'USA'),
 (65433, 'Arne', 'Magnus Kvalheim', 'M', 'NOR'),
 (65780, 'Shaul', 'Paul Ladany', 'M', 'ISR'),
 (65899, 'Lolita', 'R. Lagrosas', 'F', 'PHI'),
 (66010, 'Ronald', 'Owen "Ron" Laird', 'M', 'USA'),
 (66266, 'Jennifer', 'Frances Lamy (-Frank)', 'F', 'AUS'),
 (66432, 'Marita', 'Lange', 'F', 'GDR'),
 (66533, 'Jnis', 'Lanka', 'M', 'URS'),
 (66718, 'Thomas', 'Constantine "Tom" Laris', 'M', 'USA'),
 (66791, 'Gerd', 'Larsen', 'M', 'DEN'),
 (67108, 'Kaisa', 'Maria Launela', 'F', 'FIN'),
 (67440, 'Katya', 'Lazova (-Oracheva)', 'F', 'BUL'),
 (68072, 'Lee', 'Myeong-Jeong', 'M', 'KOR'),
 (68102, 'Lee', 'Sang-Hun', 'M', 'KOR'),
 (68394, 'Klaus', 'Lehnertz', 'M', 'FRG'),
 (68396, 'Eva', 'Lehock-Gleskov', 'F', 'TCH'),
 (68662, 'Georgios', 'Lemonis', 'M', 'GRE'),
 (68852, 'Tnu', 'Lepik', 'M', 'URS'),
 (68937, 'Alan', 'Leslie Lerwill', 'M', 'GBR'),
 (68996, 'Roger', 'Lespagnard', 'M', 'BEL'),
 (69055, 'Manfred', 'Letzerich', 'M', 'FRG'),
 (69092, 'Burkhard', 'Leuschke', 'M', 'GDR'),
 (69228, 'Gregory', 'David "Greg" Lewis', 'M', 'AUS'),
 (69632, 'Sergio', 'Liani', 'M', 'ITA'),
 (69793, 'Viliame', 'Bale Liga', 'M', 'FIJ'),
 (69809, 'Shaun', 'Lightman', 'M', 'GBR'),
 (69967, 'Lin', 'Chun-Yu', 'F', 'TPE'),
 (70081, 'Stig', 'Erik Lindberg', 'M', 'SWE'),
 (70438, 'Martin', 'William "Marty" Liquori', 'M', 'USA'),
 (70866, 'Jos', 'Gerardo L''Oficial Olivero', 'M', 'DOM'),
 (71075, 'Barbara', '"Brbel" Lhnert (Geiler-)', 'F', 'GDR'),
 (71222, 'Clive', 'Citreon Olaf Longe', 'M', 'GBR'),
 (71588, 'Hartmut', 'Losch', 'M', 'GDR'),
 (71719, 'Lzr', 'Lovsz', 'M', 'HUN'),
 (71804, 'Patricia', 'Barbara "Pat" Lowe-Cropper', 'F', 'GBR'),
 (71953, 'Marijana', 'Lubej', 'F', 'YUG'),
 (72331, 'Bengt', 'Kenneth Lundmark', 'M', 'SWE'),
 (72466, 'Jnis', 'Lsis', 'M', 'URS'),
 (73051, 'Ross', 'MacKenzie', 'M', 'CAN'),
 (73172, 'Rex', 'Montague Maddaford', 'M', 'NZL'),
 (73372, 'Ramon', 'Magarios Duro', 'M', 'ESP'),
 (73402, 'David', 'L. "Dave" Maggard', 'M', 'USA'),
 (73447, 'Horst-Rdiger', 'Magnor', 'M', 'FRG'),
 (73490, 'Evan', 'George Maguire', 'M', 'NZL'),
 (73794, 'Mamman', 'Makama', 'M', 'NGR'),
 (73872, 'Simbara', 'Dembele Maki', 'M', 'CIV'),
 (74003, 'Vctor', 'Maldonado Flores', 'M', 'VEN'),
 (74212, 'Jerzy', 'Piotr Maluki', 'M', 'POL'),
 (74229, 'Aleksandr', 'Malyutin', 'M', 'URS'),
 (74350, 'Horst', 'Mandl', 'M', 'AUT'),
 (74452, 'Wiesaw', 'Jan Maniak', 'M', 'POL'),
 (74525, 'Madeline', 'Manning-Jackson (-Mims)', 'F', 'USA'),
 (74549, 'Lia', 'Manoliu (-Raica)', 'F', 'ROU'),
 (74582, 'Haji', 'Soua''an Mraljeb Ayed Mansoor', 'M', 'KUW'),
 (75172, 'Margit', 'Mark-Nemeshzi', 'F', 'HUN'),
 (75701, 'Carlos', 'Felipe Martnez Diosa', 'M', 'CUB'),
 (75764, 'Jos', 'Luis Martnez Vzquez', 'M', 'ESP'),
 (75771, 'Juan', 'Maximo Martnez', 'M', 'MEX'),
 (75835, 'Rosario', 'Martnez Blandin', 'F', 'ESA'),
 (76126, 'Valentin', 'Mikhaylovich Maslakov', 'M', 'URS'),
 (76189, 'Wohib', 'Masresha', 'M', 'ETH'),
 (76202, 'Alifu', 'Albert Massaquoi', 'M', 'SLE'),
 (76534, 'James', 'Randel "Randy" Matson', 'M', 'USA'),
 (76942, 'Philip', 'John "Phil" May', 'M', 'AUS'),
 (77060, 'Charles', 'Mays', 'M', 'USA'),
 (77177, 'Gabriel', 'M''Boa', 'M', 'CAF'),
 (77688, 'David', 'Closs "Dave" McKenzie', 'M', 'NZL'),
 (77772, 'Robert', 'McLaren', 'M', 'CAN'),
 (77846, 'Patrick', 'Joseph "Pat" McMahon', 'M', 'IRL'),
 (77912, 'Pablo', 'S. McNeil', 'M', 'JAM'),
 (78022, 'Lajos', 'Mecser', 'M', 'HUN'),
 (78041, 'Modesto', 'Mederos Lpez', 'M', 'CUB'),
 (78248, 'Owen', 'Leopoldo Meighan', 'M', 'BIZ'),
 (78324, 'lvaro', 'Meja Florez', 'M', 'COL'),
 (78659, 'Rolando', 'Mendoza', 'M', 'NCA'),
 (78696, 'Hans', 'Menet', 'M', 'SUI'),
 (78753, 'Francisco', 'Mauricio Menocal', 'M', 'NCA'),
 (78809, 'Gabrou', 'Merawi', 'M', 'ETH'),
 (78976, 'Karl-Heinz', 'Merschenz', 'M', 'CAN'),
 (79131, 'Gert', 'Metz', 'M', 'FRG'),
 (79208, 'Gabrielle', 'Meyer (-Morre)', 'F', 'FRA'),
 (79231, 'Renate', 'Meyer (Rose-)', 'F', 'FRG'),
 (79462, 'Ingrid', 'Mickler-Becker (-Inglau)', 'F', 'FRG'),
 (79780, 'Lothar', 'Milde', 'M', 'GDR'),
 (79787, 'Leopold', '"Polde" Milek', 'M', 'YUG'),
 (79886, 'Deborah', '"Debbie" Miller', 'F', 'CAN'),
 (79915, 'Lennox', 'Valencia Miller', 'M', 'JAM'),
 (79916, 'Leslie', 'Osborne Miller', 'M', 'BAH'),
 (79979, 'Leslie', 'Roy "Les" Mills', 'M', 'NZL'),
 (80253, 'Pedro', 'Miranda Noguez', 'M', 'MEX'),
 (80538, 'Nobuyoshi', 'Miura (Matsuda-)', 'M', 'JPN'),
 (81087, 'Heinz-Gerd', 'Mlders', 'M', 'FRG'),
 (81152, 'Rosa', 'Molina Arias', 'F', 'CHI'),
 (81224, 'Michael', '"Mick" Molloy', 'M', 'IRL'),
 (81414, 'Ronald', 'S. "Ron" Monsegue', 'M', 'TTO'),
 (81416, 'Eduard', 'George "Eddy" Monsels', 'M', 'SUR'),
 (81451, 'Nicole', 'Montandon (-Pani)', 'F', 'FRA'),
 (81524, 'Pablo', 'Montes Casanova', 'M', 'CUB'),
 (81539, 'Eleanor', 'Inez Montgomery', 'F', 'USA'),
 (81664, 'Kenneth', 'Clark "Kenny" Moore', 'M', 'USA'),
 (81728, 'Radhams', 'F. Mora', 'M', 'DOM'),
 (81770, 'Clovis', 'Morales', 'M', 'HON'),
 (81778, 'Gustavo', 'Morales', 'M', 'NCA'),
 (81789, 'Juan', 'Morales Hechavarra', 'M', 'CUB'),
 (81955, 'Ivn', 'Moreno Lpez', 'M', 'CHI'),
 (82214, 'Aleksandr', 'Morozov', 'M', 'URS'),
 (82279, 'Una', 'Lorraine Morris (-Chong)', 'F', 'JAM'),
 (82384, 'Paul', 'Mose', 'M', 'KEN'),
 (82385, 'Carol', 'Jean L. Moseke (-Frost)', 'F', 'USA'),
 (82836, 'Ishtiaq', 'Ahmad. Mubarak Ahmad', 'M', 'MAS'),
 (82872, 'Enoch', 'Muemba', 'M', 'ZAM'),
 (83080, 'Helmar', 'Mller', 'M', 'FRG'),
 (83096, 'Julius', 'Mller', 'M', 'FRG'),
 (83163, 'Wolfgang', 'Mller', 'M', 'GDR'),
 (83302, 'Antnia', 'Munkcsi', 'F', 'HUN'),
 (83422, 'Yukito', 'Muraki', 'M', 'JPN'),
 (83455, 'Lyudmila', 'Muravyova', 'F', 'URS'),
 (83520, 'Francis', '"Frank" Murphy', 'M', 'IRL'),
 (83607, 'Marcus', 'Paul "Mark" Murro', 'M', 'USA'),
 (83633, 'Mustafa', 'Musa', 'M', 'UGA'),
 (83718, 'Erkki', 'Juhani Mustakari', 'M', 'FIN'),
 (83892, 'Leonid', 'Oleksiyovych Mykytenko', 'M', 'URS'),
 (83951, 'Neville', 'F. Myton', 'M', 'JAM'),
 (84019, 'Lubomr', 'Ndenek', 'M', 'TCH'),
 (84062, 'Jun', 'Nagai', 'M', 'JPN'),
 (84421, 'Jean-Claude', 'Nallet', 'M', 'FRA'),
 (84895, 'Papa', 'M''Baye N''Diaye', 'M', 'SEN'),
 (85117, 'Doris', 'Anita Neil', 'F', 'GBR'),
 (85215, 'Van', 'Arthur Nelson', 'M', 'USA'),
 (85264, 'Mikls', 'Nmeth', 'M', 'HUN'),
 (85275, 'Angla', 'Nmeth-Rnky', 'F', 'HUN'),
 (85332, 'Jos', 'Socorro Neri Valenzuela', 'M', 'MEX'),
 (85341, 'Bernhard', 'Nermerich', 'M', 'FRG'),
 (85426, 'Hein-Direck', 'Neu', 'M', 'FRG'),
 (85472, 'Klaus', 'Neumann', 'M', 'GDR'),
 (85513, 'Pauli', 'Lauri Nevala', 'M', 'FIN'),
 (85779, 'Namakoro', 'Koto te Niar', 'M', 'MLI'),
 (85877, 'Claude', 'Nicolas', 'M', 'FRA'),
 (85883, 'Christian', 'Nicolau', 'M', 'FRA'),
 (86150, 'Conrad', 'Keith Nightingale', 'M', 'USA'),
 (86161, 'Vincent', 'Paul Nihill', 'M', 'GBR'),
 (86195, 'Wadysaw', 'Nikiciuk', 'M', 'POL'),
 (86247, 'Pantelis', 'Nikolaidis', 'M', 'GRE'),
 (86273, 'Vera', 'Nikoli (-asi)', 'F', 'YUG'),
 (86363, 'Karl', 'ke Nilsson', 'M', 'SWE'),
 (86576, 'Kiyoshi', 'Niwa', 'M', 'JPN'),
 (86767, 'Monique', 'Noirot (Wideman-)', 'F', 'FRA'),
 (86915, 'Wolfgang', 'Nordwig', 'M', 'GDR'),
 (86955, 'Peter', 'George Norman', 'M', 'AUS'),
 (86970, 'Harald', 'Norpoth', 'M', 'FRG'),
 (87073, 'Bernard', 'Jonathan "Bernie" Nottage', 'M', 'BAH'),
 (87241, 'Zenon', 'Stanisaw Nowosz', 'M', 'POL'),
 (87343, 'Miguel', 'Nez Lima', 'M', 'DOM'),
 (87455, 'Hezekiah', 'Munyoro Nyamau', 'M', 'KEN'),
 (87667, 'Kerry', 'Dennis O''Brien', 'M', 'AUS'),
 (88018, 'Josef', 'Odloil', 'M', 'TCH'),
 (88023, 'Violet', 'Obiamaka Odogwu', 'F', 'NGR'),
 (88073, 'Alfred', 'Adolph "Al" Oerter; Jr.', 'M', 'USA'),
 (88212, 'Shinji', 'Ogura', 'M', 'JPN'),
 (88371, 'Robert', 'Ojo', 'M', 'NGR'),
 (88485, 'Antonina', 'Nikolayevna Okorokova-Lazareva', 'F', 'URS'),
 (88572, 'Jn', 'ordur lafsson', 'M', 'ISL'),
 (88661, 'Annelise', 'Damm Olesen', 'F', 'DEN'),
 (88772, 'Miguel', 'de los Santos Olivera Alvarez', 'M', 'CUB'),
 (88778, 'Jos', 'Oliveros de la Torre', 'M', 'MEX'),
 (88869, 'Georg', 'Bruno Meyer Olsen', 'M', 'DEN'),
 (89085, 'Amos', 'Omolo', 'M', 'UGA'),
 (89199, 'Rogelio', 'P. Onofre', 'M', 'PHI'),
 (89590, 'Julio', 'Rodolfo Ortz Figueroa', 'M', 'GUA'),
 (90012, 'Anita', 'Otto (Hentschel-)', 'F', 'GDR'),
 (90028, 'Sergio', 'Eliseo Ottolina', 'M', 'ITA'),
 (90034, 'Eddy', 'Jean Paul Ottoz (Dimichelis-)', 'M', 'ITA'),
 (90099, 'Larbi', 'Oukada', 'M', 'MAR'),
 (90101, 'Robert', 'Ouko', 'M', 'KEN'),
 (90366, 'Mart', 'Paama', 'M', 'URS'),
 (90563, 'Joan', 'Florence Page-Allison', 'F', 'GBR'),
 (90707, 'Teodoro', 'F. Palacios Flores', 'M', 'GUA'),
 (90922, 'Abdon', 'Pamich', 'M', 'ITA'),
 (91027, 'Carla', 'Panerai', 'F', 'ITA'),
 (91056, 'Jacques', '"Jack" Pani', 'M', 'FRA'),
 (91239, 'Khristos', 'Papanikolaou', 'M', 'GRE'),
 (91673, 'John', 'Michael "Mike" Parker', 'M', 'GBR'),
 (91696, 'Sheila', 'Hilary Parkin-Sherwood', 'F', 'GBR'),
 (91875, 'Alan', 'Peter Pascoe', 'M', 'GBR'),
 (92409, 'Andrew', 'Howard Payne', 'M', 'GBR'),
 (92410, 'Jeffrey', '"Jeff" Payne', 'M', 'BER'),
 (92528, 'Valerie', 'J. "Val" Peat (-Wild)', 'F', 'GBR'),
 (92563, 'Nataliya', 'Aleksandrovna Pechonkina-Chistyakova (Burda-)', 'F', 'URS'),
 (92578, 'Lawrence', 'William "Lawrie" Peckham', 'M', 'AUS'),
 (92691, 'Jos', 'Pedraza Ziga', 'M', 'MEX'),
 (92768, 'Maurice', 'Peiren', 'M', 'BEL'),
 (92799, 'Walter', 'Pektor', 'M', 'AUT'),
 (92970, 'Alfredo', 'Pealoza Carmona', 'M', 'MEX'),
 (92988, 'Melvin', '"Mel" Pender; Jr.', 'M', 'USA'),
 (92995, 'Mihaela', 'Pene (-Brandsdorfer)', 'F', 'ROU'),
 (93044, 'John', 'Thomas Pennell', 'M', 'USA'),
 (93050, 'Jacques', 'Pennewaert', 'M', 'BEL'),
 (93069, 'Aurelia', 'Catalina Pentn Conde', 'F', 'CUB'),
 (93235, 'Rupasinghe', 'A. Wimalasena Perera', 'M', 'SRI'),
 (93288, 'Carlos', 'Prez Alonso', 'M', 'ESP'),
 (93391, 'Juan', 'Rafael Angel Prez Cordoba', 'M', 'CRC'),
 (93629, 'Bengt', 'Asbjrn Persson (-Widmark)', 'M', 'SWE'),
 (93833, 'Mary', 'Elizabeth Peters', 'F', 'GBR'),
 (94308, 'Ingo', 'Peyker', 'M', 'AUT'),
 (94363, 'Ren', 'Pfister', 'M', 'SUI'),
 (94430, 'Lutz', 'Philipp', 'M', 'FRG'),
 (94564, 'Edmund', 'Pitkowski', 'M', 'POL'),
 (94794, 'Paola', 'Pigni (-Cacchi)', 'F', 'ITA'),
 (94923, 'Melesio', 'Pia Oregel', 'M', 'MEX'),
 (95087, 'Irene', 'Maria Piotrowski (Macijauskas-)', 'F', 'CAN'),
 (95324, 'Jozef', 'Plach', 'M', 'TCH'),
 (95344, 'Manuel', 'Planchart', 'M', 'VEN'),
 (95383, 'Carl', 'Plaskett', 'M', 'ISV'),
 (95407, 'Susan', 'Mary "Sue" Platt', 'F', 'GBR'),
 (95727, 'Robert', 'Ren Poirier', 'M', 'FRA'),
 (95894, 'Willy', 'Polleunis', 'M', 'BEL'),
 (96151, 'Cornelia', 'Popescu-Popa', 'F', 'ROU'),
 (96160, 'Vira', 'Ivanivna Popkova (Kabreniuk-)', 'F', 'URS'),
 (96192, 'Antonina', 'Nikolayevna Popova (Zolotukhina-)', 'F', 'URS'),
 (96336, 'Michel', 'Portmann', 'M', 'SUI'),
 (96514, 'Sylvia', 'Mildred Potts (Oxenham-)', 'F', 'NZL'),
 (96582, 'Pertti', 'Juhani Pousi', 'M', 'FIN'),
 (96802, 'Ennio', 'Preatoni', 'M', 'ITA'),
 (97258, 'Harry', 'Prowell', 'M', 'GUY'),
 (97270, 'Nlson', 'Prudncio', 'M', 'BRA'),
 (97303, 'Patricia', 'Anne "Pat" Pryce-Nutting', 'F', 'GBR'),
 (97379, 'Juris', '"George" Puce', 'M', 'CAN'),
 (97661, 'Emiel', 'Adrien "Miel" Puttemans', 'M', 'BEL'),
 (97835, 'William', 'A. Quaye', 'M', 'GHA'),
 (97879, 'Violeta', 'Quesada Daz', 'F', 'CUB'),
 (97882, 'Lawrence', 'Ronald "Larry" Questad', 'M', 'USA'),
 (97883, 'Julio', 'Faustino Quevedo Elias', 'M', 'GUA'),
 (98523, 'Dominique', 'Rakotorahalahy', 'M', 'MAD'),
 (98538, 'Mamie', 'Annette Rallins', 'F', 'USA'),
 (98597, 'Ramasamy', 'Subramaniam', 'M', 'MAS'),
 (98650, 'Hermes', 'Julin Ramrez Limonta', 'M', 'CUB'),
 (99212, 'Jean-Louis', 'Ravelomanantsoa', 'M', 'MAD'),
 (99265, 'Oleg', 'Rayko', 'M', 'URS'),
 (99524, 'Peter', 'Neville Reed', 'M', 'GBR'),
 (99677, 'Karin', 'Reichert-Frisch', 'F', 'FRG'),
 (99684, 'Audrey', 'Reid (-German)', 'F', 'JAM'),
 (99739, 'William', 'L. "Bill" Reilly', 'M', 'USA'),
 (99753, 'Hans-Georg', 'Reimann', 'M', 'GDR'),
 (99760, 'Jens', 'Reimers', 'M', 'FRG'),
 (99806, 'Heimo', 'Reinitzer', 'M', 'AUT'),
 (100577, 'Karin', 'Richert-Balzer', 'F', 'GDR'),
 (100626, 'Halina', 'Sylwia Richter-Grecka-Herrmann', 'F', 'FRG'),
 (100711, 'Daniel', 'Riedo', 'M', 'SUI'),
 (100765, 'Hubert', 'Riesner', 'M', 'FRG'),
 (100909, 'Helna', 'Ringa', 'F', 'URS'),
 (100974, 'Wilfredo', '"Willie" Ros', 'M', 'PUR'),
 (100996, 'Arne', 'Roald Risa', 'M', 'NOR'),
 (101010, 'Umberto', 'Risi', 'M', 'ITA'),
 (101290, 'Edwin', 'Anthony Roberts', 'M', 'TTO'),
 (101301, 'Jean', 'Evelyn Roberts', 'F', 'AUS'),
 (101470, 'Thomas', 'Augustus "Tom" Robinson', 'M', 'BAH'),
 (101492, 'Jean', 'Antoinette Robotham Gourzong', 'F', 'CRC'),
 (101888, 'Gaston', 'Roelants', 'M', 'BEL'),
 (102215, 'Mercedes', 'Romn Casillas', 'F', 'MEX'),
 (102264, 'Edward', 'Romanowski', 'M', 'POL'),
 (102266, 'David', 'L. "Dave" Romansky', 'M', 'USA'),
 (102283, 'Fulgencia', 'Romay Martnez', 'F', 'CUB'),
 (102599, 'Heidemarie', '"Heide" Rosendahl (-Ecker)', 'F', 'FRG'),
 (103273, 'Daniel', 'Matasi Rudisha', 'M', 'KEN'),
 (103347, 'Karin', 'Rger-Schulze', 'F', 'GDR'),
 (103468, 'Pentti', 'Juhani Rummakko', 'M', 'FIN'),
 (103565, 'Alan', 'Trevor Rushmer', 'M', 'GBR'),
 (103713, 'Mieczysaw', 'Rutyna', 'M', 'POL'),
 (103792, 'Michael', '"Mike" Ryan', 'M', 'NZL'),
 (103917, 'James', 'Ronald "Jim" Ryun', 'M', 'USA'),
 (103999, 'Patricio', 'Saavedra', 'M', 'CHI'),
 (104286, 'Clment', 'Sagna', 'M', 'SEN'),
 (104287, 'douard', 'Sagna', 'M', 'SEN'),
 (104404, 'Robert', 'Sainte-Rose', 'M', 'FRA'),
 (104412, 'Thomas', 'Saisi', 'M', 'KEN'),
 (104430, 'Kazuo', 'Saito', 'M', 'JPN'),
 (104842, 'Hermann', 'Salomon', 'M', 'FRG'),
 (104905, 'Edgard', 'Salv', 'M', 'BEL'),
 (105133, 'Cesare', 'Alejandro Snchez Ruz', 'M', 'MEX'),
 (105193, 'Jos', 'Luis Snchez Paraso', 'M', 'ESP'),
 (105429, 'Viktor', 'Saneyev', 'M', 'URS'),
 (105434, 'Julius', 'Sang', 'M', 'KEN'),
 (105650, 'Rafael', 'Antonio Santos Cisneros', 'M', 'ESA'),
 (105690, 'Vladislav', 'Vladimirovich Sapeya', 'M', 'URS'),
 (105826, 'Mirosawa', 'Kazimiera Sarna (Saaciska-)', 'F', 'POL'),
 (105844, 'Laurent', 'Sarr', 'M', 'SEN'),
 (105845, 'Mamadou', 'Sarr', 'M', 'SEN'),
 (105891, 'Taketsugu', 'Saruwatari', 'M', 'JPN'),
 (105917, 'Seiichiro', 'Sasaki', 'M', 'JPN'),
 (106101, 'Michael', 'Sauer', 'M', 'FRG'),
 (106329, 'Keisuke', 'Sawaki', 'M', 'JPN'),
 (106544, 'Gertrud', 'Regina Schfer', 'F', 'FRG'),
 (106642, 'Gnter', 'Schaumburg', 'M', 'GDR'),
 (106703, 'Ingeborg', '"Inge" Schell (Karl-; -Pilz)', 'F', 'FRG'),
 (106718, 'Hartmut', 'Schelter', 'M', 'GDR'),
 (106731, 'Heinz-Gnter', 'Schenk', 'M', 'GDR'),
 (106908, 'Claus', 'Schiprowski', 'M', 'FRG'),
 (107155, 'Rita', 'Schmidt-Kirst', 'F', 'GDR'),
 (107160, 'Karl-Peter', 'Schmidtke', 'M', 'FRG'),
 (107308, 'Werner', 'Schneiter', 'M', 'SUI'),
 (107349, 'Pierre', 'Schoebel', 'M', 'FRA'),
 (107590, 'Wolf', 'Rainer Schubert', 'M', 'FRG'),
 (108005, 'Jarvis', 'Lavonne Scott (-Jones)', 'F', 'USA'),
 (108014, 'Louis', 'Cohn "Lou" Scott', 'M', 'USA'),
 (108035, 'Susan', 'Diane "Sue" Scott-Reeve (-Herrington)', 'F', 'GBR'),
 (108072, 'Robert', 'Lloyd "Bob" Seagren', 'M', 'USA'),
 (108129, 'Mamo', 'Sebsibe', 'M', 'ETH'),
 (108322, 'Maren', 'Elizabeth Seidler', 'F', 'USA'),
 (108509, 'Wolfgang', 'Peter Selzer', 'M', 'GDR'),
 (108656, 'Ahmed', 'Senoussi', 'M', 'CHA'),
 (108896, 'Hctor', 'Serrate', 'M', 'PUR'),
 (109173, 'Mukhamed', 'Sadyik Shakirov', 'M', 'URS'),
 (109260, 'Rashid', 'Imamovich Sharafetdinov', 'M', 'URS'),
 (109266, 'Ivaylo', 'Sharankov', 'M', 'BUL'),
 (109424, 'Anatoly', 'Yefimovich Shchuplyakov', 'M', 'URS'),
 (109634, 'John', 'Sherwood', 'M', 'GBR'),
 (109666, 'Channa', 'Shezifi (-Zadik)', 'F', 'ISR'),
 (109885, 'Dorothy', 'Ada Shirley (-Emerson)', 'F', 'GBR'),
 (109996, 'Winston', 'Short', 'M', 'TTO'),
 (110155, 'Gilles', 'Sibon', 'M', 'FRA'),
 (110229, 'Janusz', 'Jan Sido', 'M', 'POL'),
 (110277, 'Ingomar', 'Sieghart', 'M', 'FRG'),
 (110310, 'Jimmy', 'Sierra', 'M', 'COL'),
 (110318, 'Karl-Heinz', 'Sievers', 'M', 'FRG'),
 (110423, 'Ileana', 'Silai (Gergely-)', 'F', 'ROU'),
 (110551, 'Roberto', 'Silva Martnez', 'M', 'MEX'),
 (110568, 'Benjamin', 'Silva-Netto', 'M', 'PHI'),
 (110584, 'L.', 'Jay Silvester', 'M', 'USA'),
 (110668, 'Nikola', 'Simeonov', 'M', 'BUL'),
 (110772, 'George', 'Simon', 'M', 'TTO'),
 (110799, 'Rudolf', '"Rudi" Simon', 'M', 'BEL'),
 (110884, 'Janet', 'Mary Simpson (-Clerc)', 'F', 'GBR'),
 (111023, 'Bhim', 'Singh', 'M', 'IND'),
 (111255, 'Nashatar', 'Singh Sidhu', 'M', 'MAS'),
 (111326, 'Yevgeny', 'Palladyevich Sinyayev', 'M', 'URS'),
 (111735, 'V''iacheslav', 'Semenovych Skomorokhov', 'M', 'URS'),
 (111850, 'Valeriy', 'Serhiyovych Skvortsov', 'M', 'URS'),
 (111977, 'Richard', 'Donald "Rick" Sloan', 'M', 'USA'),
 (112036, 'Mykola', 'Yakovych Smaha', 'M', 'URS'),
 (112124, 'Steen', 'Lkkegaard Smidt-Jensen', 'M', 'DEN'),
 (112208, 'Carmen', 'L. Smith (-Brown)', 'F', 'JAM'),
 (112231, 'Oscar', 'David "Dave" Smith', 'M', 'USA'),
 (112418, 'Tommie', 'C. Smith', 'M', 'USA'),
 (112423, 'Tracy', 'Evans Smith', 'M', 'USA'),
 (112535, 'Anthony', 'Howard "Tony" Sneazwell', 'M', 'AUS'),
 (112751, 'Galina', 'Konstantinovna Sofina', 'F', 'URS'),
 (112842, 'Ignacio', 'Sola Cortabarria', 'M', 'ESP'),
 (112977, 'Irina', 'Solontsova-Kudryavtseva', 'F', 'URS'),
 (113167, 'Kimaru', 'Songok', 'M', 'KEN'),
 (113297, 'Cecilia', 'Nohem Sosa Vargas', 'F', 'ESA'),
 (113521, 'Charel', 'Sowa', 'M', 'LUX'),
 (113806, 'Gerhard', 'Sperling', 'M', 'GDR'),
 (113831, 'Christine', '"Christa" Spielberg', 'F', 'GDR'),
 (113835, 'Gunther', 'Spielvogel', 'M', 'FRG'),
 (114225, 'Andrzej', 'Stalmach', 'M', 'POL'),
 (114547, 'Edward', 'Jan Stawiarz', 'M', 'POL'),
 (114559, 'Richard', 'Swift "Dick" Steane', 'M', 'GBR'),
 (114717, 'Manfred', 'Steffny', 'M', 'FRG'),
 (114921, 'Gary', 'Michael Stenlund', 'M', 'USA'),
 (114949, 'Oleg', 'Stepanenko', 'M', 'URS'),
 (114978, 'John', 'Stephen Akhwari', 'M', 'TAN'),
 (114986, 'Lydia', 'Kittao Stephens (-Okech)', 'F', 'KEN'),
 (115019, 'Mieke', 'Sterk (-van Wissen)', 'F', 'NED'),
 (115188, 'Adrianus', 'Johannes "Aad" Steylen', 'M', 'NED'),
 (115293, 'Jutta', 'Bettina Stck (-Hertel)', 'F', 'FRG'),
 (115427, 'Manfred', 'Stolle', 'M', 'GDR'),
 (115500, 'Stuart', 'Ellis Storey', 'M', 'GBR'),
 (115596, 'Georgi', 'Ivanov Stoykovski', 'M', 'BUL'),
 (115672, 'Erika', 'Strasser (-Wutscher)', 'F', 'AUT'),
 (115675, 'Danuta', 'Julia Straszyska (-Kossek)', 'F', 'POL'),
 (115862, 'Esther', 'Stroy (-Fair)', 'F', 'USA'),
 (115936, 'Norris', 'Stubbs', 'M', 'BAH'),
 (115980, 'Judit', 'Stugner (-Abahzi)', 'F', 'HUN'),
 (116031, 'Erwin', 'Sttz', 'M', 'SUI'),
 (116066, 'Su', 'Po-Tai', 'M', 'TPE'),
 (116069, 'Su', 'Wen-Ho', 'M', 'TPE'),
 (116206, 'Takeo', 'Sugawara', 'M', 'JPN'),
 (116223, 'Kuniyoshi', 'Sugioka', 'M', 'JPN'),
 (116296, 'Anatoly', 'Sukharkov', 'M', 'URS'),
 (116308, 'Teresa', 'Sukniewicz (-Kleiber)', 'F', 'POL'),
 (116724, 'Jzsef', 'St', 'M', 'HUN'),
 (116837, 'Tsugumichi', 'Suzuki', 'M', 'JPN'),
 (117003, 'Nikolay', 'Ivanovich Sviridov', 'M', 'URS'),
 (117176, 'Barka', 'N. Sy', 'M', 'SEN'),
 (117219, 'Liese', 'Sykora-Prokop', 'F', 'AUT'),
 (117329, 'Jnos', 'Szab', 'M', 'HUN'),
 (117506, 'Jnos', 'Szernyi', 'M', 'HUN'),
 (117509, 'Irena', 'Szewiska-Kirszenstein', 'F', 'POL'),
 (117552, 'Jzef', 'Szmidt (-Schmidt)', 'M', 'POL'),
 (117589, 'Henryk', 'Jan Szordykowski', 'M', 'POL'),
 (117775, 'Michael', 'John "Mike" Tagg', 'M', 'GBR'),
 (117848, 'Robin', 'Douglas Tait', 'M', 'NZL'),
 (118162, 'Tatyana', 'Andreyevna Talysheva (-Volkova; -Tregub)', 'F', 'URS'),
 (118385, 'William', 'Raymond "Bill" Tancred', 'M', 'GBR'),
 (118739, 'Norman', '"Norm" Tate', 'M', 'USA'),
 (118874, 'Richard', 'George "Dick" Taylor', 'M', 'GBR'),
 (118949, 'Sheila', 'Janet Taylor-Carey', 'F', 'GBR'),
 (118985, 'Jeffrey', '"Jeff" Teale', 'M', 'GBR'),
 (119029, 'Ferenc', 'Gbor Tgla', 'M', 'HUN'),
 (119102, 'Eduardo', 'Antonio "Eddy" Tllez Valerino', 'M', 'CUB'),
 (119108, 'Sylvie', '"Sylviane" Telliez (Marotel-)', 'F', 'FRA'),
 (119147, 'Nabiba', 'Naftali Temu', 'M', 'KEN'),
 (119229, 'Igor', 'Aramovich Ter-Ovanesyan', 'M', 'URS'),
 (119442, 'Guy', 'Texereau', 'M', 'FRA'),
 (119550, 'Reinhard', 'Theimer', 'M', 'GDR'),
 (119707, 'Thin', 'Sumbwegam', 'M', 'MYA'),
 (120170, 'Colin', 'Evandale Thurton', 'M', 'BIZ'),
 (120187, 'Valbjrn', 'orlksson', 'M', 'ISL'),
 (120261, 'Manfred', 'Tiedtke', 'M', 'GDR'),
 (120267, 'Tien', 'Ah-Mei', 'F', 'TPE'),
 (120311, 'Valentina', 'Nikolayevna Tikhomirova (-Lomakina)', 'F', 'URS'),
 (120701, 'Miodrag', 'Todosijevi', 'M', 'YUG'),
 (121078, 'William', 'Anthony "Bill" Toomey', 'M', 'USA'),
 (121247, 'Alberto', 'Sebastian Torres de la Mota', 'M', 'DOM'),
 (121395, 'Gyula', 'Tth', 'M', 'HUN'),
 (121531, 'Fernand', 'Tovondray', 'M', 'MAD'),
 (121673, 'Maureen', 'Dorothy Tranter (-Carter)', 'F', 'GBR'),
 (121724, 'Urs', 'Trautmann', 'M', 'SUI'),
 (121740, 'David', 'Howard "Dave" Travis', 'M', 'GBR'),
 (121837, 'Norman', '"Norm" Trerise', 'M', 'CAN'),
 (122162, 'Werner', 'Trzmiel', 'M', 'FRG'),
 (122448, 'Lidiya', 'Tsymosh (-Yasynska)', 'F', 'URS'),
 (122606, 'Bodo', 'Tmmler', 'M', 'FRG'),
 (122611, 'Akn', 'Tuna', 'M', 'TUR'),
 (122646, 'Aimo', 'Jaakko Uolevi Tuominen', 'M', 'FIN'),
 (122675, 'Marconi', 'Turay', 'M', 'SLE'),
 (123000, 'Wyomia', 'Tyus (-Simburg)', 'F', 'USA'),
 (123162, 'Grard', 'Ugolini', 'M', 'FRA'),
 (123178, 'Gerda', 'Uhlemann (Mittenzwei-)', 'F', 'GDR'),
 (123251, 'Carlota', 'Ulloa', 'F', 'CHI'),
 (123432, 'Nataa', 'Urbani (-Bezjak)', 'F', 'YUG'),
 (123538, 'Akio', 'Usami', 'M', 'JPN'),
 (123970, 'Jaroslava', 'Valentov (Kralov-; -ezov)', 'F', 'TCH'),
 (124028, 'Juan', 'Ramon Valladares', 'M', 'HON'),
 (124050, 'Jos', 'Esteban Valle', 'M', 'NCA'),
 (124221, 'douard', '"Eddy" Van Butsele', 'M', 'BEL'),
 (124377, 'Hermina', 'Johanna "Mirna" van der Hoeven-Jansen', 'F', 'NED'),
 (124415, 'Mathilda', 'Catrina "Tilly" van der Made-van der Zwaard', 'F', 'NED'),
 (124620, 'Wilhelmina', 'Catharina Maria Martina "Wilma" van Gool-van den Berg', 'F', 'NED'),
 (124775, 'Gilbert', 'Van Manshoven', 'M', 'BEL'),
 (124808, 'Elsemia', 'Marianne Helene "Els" van Noorduyn', 'F', 'NED'),
 (125010, 'Patricia', 'Jean "Patty" van Wolvelaere-Johnson', 'F', 'USA'),
 (125096, 'Geoffrey', 'Peter "Geoff" Vanderstock', 'M', 'USA'),
 (125117, 'Carlos', 'Enrique Vanegas Munguia', 'M', 'NCA'),
 (125325, 'Vilmos', 'Varj', 'M', 'HUN'),
 (125359, 'Pekka', 'Antero Vasala', 'M', 'FIN'),
 (125759, 'Donald', 'Danilo "Don" Vlez Espinoza', 'M', 'NCA'),
 (125916, 'Porfirio', 'Veras Mercedes', 'M', 'DOM'),
 (125930, 'Ingrda', 'Verbele (-Barkne)', 'F', 'URS'),
 (126246, 'Magali', 'Vettorazzo', 'F', 'ITA'),
 (126311, 'Josefa', 'Vicent Riesgo', 'F', 'URU'),
 (126597, 'Jean-Paul', 'Villain', 'M', 'FRA'),
 (126801, 'Ioannis', 'Virvilis', 'M', 'GRE'),
 (126816, 'Viorica', 'Viscopoleanu (Belmega-)', 'F', 'ROU'),
 (126826, 'Vittorio', 'Visini', 'M', 'ITA'),
 (126943, 'Jorge', 'L. Vizcarrondo Somohano', 'M', 'PUR'),
 (126978, 'Evangelos', 'Vlasis', 'M', 'GRE'),
 (127381, 'Werner', 'Konrad Graf von Moltke', 'M', 'FRG'),
 (127411, 'Thomas', 'Frederick "Tom" Von Ruden', 'M', 'USA'),
 (127441, 'Urs', 'von Wartburg', 'M', 'SUI'),
 (127816, 'Thomas', '"Tom" Waddell (Flubacher-)', 'M', 'USA'),
 (127841, 'Jean', 'Wadoux', 'M', 'FRA'),
 (127921, 'Wilhelm', '"Willi" Wagner', 'M', 'FRG'),
 (128039, 'Hans-Joachim', 'Walde', 'M', 'FRG'),
 (128084, 'Arthur', 'Franklin "Art" Walker; Jr.', 'M', 'USA'),
 (128214, 'Karin', 'Elisabeth Wallgren-Lundgren', 'F', 'SWE'),
 (128980, 'Martha', 'Rae Watson', 'F', 'USA'),
 (128983, 'Peter', 'Bruce Watson', 'M', 'AUS'),
 (129057, 'Anne', 'Lise Wrness (-Wraa)', 'F', 'NOR'),
 (129091, 'John', 'Albert Webb', 'M', 'GBR'),
 (129220, 'Wilfriedt', '"Wilf" Wedmann', 'M', 'CAN'),
 (129315, 'Gerhard', 'Weidner', 'M', 'FRG'),
 (129471, 'Wilhelm', 'Piotr Weistand', 'M', 'POL'),
 (129562, 'Robert', 'Peter Welsh', 'M', 'NZL'),
 (129704, 'Jan', 'Werner', 'M', 'POL'),
 (129755, 'Herbert', 'Wessel', 'M', 'GDR'),
 (129833, 'Lieselotte', '"Liesel" Westermann (-Krieg)', 'F', 'FRG'),
 (129893, 'Kjellfred', 'Weum', 'M', 'NOR'),
 (129958, 'John', 'H. Whetton', 'M', 'GBR'),
 (130031, 'Willye', 'Brown White', 'F', 'USA'),
 (130082, 'Ronald', 'Howard "Ron" Whitney', 'M', 'USA'),
 (130194, 'Barbara', 'Wieck (-Kische)', 'F', 'GDR'),
 (130198, 'Burghild', 'Wieczorek (Neumann-)', 'F', 'GDR'),
 (130214, 'Hansruedi', 'Wiedmer', 'M', 'SUI'),
 (130279, 'Thomas', 'Wieser', 'M', 'SUI'),
 (130287, 'Ulla-Britt', 'Wieslander (-Rosberg)', 'F', 'SWE'),
 (130787, 'Ann', 'Shirley Wilson (-Simmonds)', 'F', 'GBR'),
 (130940, 'Martin', 'John Winbolt-Lewis', 'M', 'GBR'),
 (130980, 'Jennifer', 'Anne "Jenny" Wingerson-Meldrum', 'F', 'CAN'),
 (131111, 'Gerald', 'Lloyd "Jerry" Wisdom', 'M', 'BAH'),
 (131283, 'Mamo', 'Wolde', 'M', 'ETH'),
 (131286, 'Tadesse', 'Wolde-Medhin', 'M', 'ETH'),
 (131336, 'Klaus', 'Wolfermann', 'M', 'FRG'),
 (131541, 'George', 'Roger Woods', 'M', 'USA'),
 (131762, 'Wu', 'Ah-Min', 'M', 'TPE'),
 (131847, 'Gerhard', 'Wucherer', 'M', 'FRG'),
 (131952, 'Lodewijk', '"Lode" Wyns', 'M', 'BEL'),
 (131965, 'Heinz', 'Beat Wyss', 'M', 'SUI'),
 (132252, 'Hiroomi', 'Yamada', 'M', 'JPN'),
 (132797, 'Yeh', 'Chu-Mei', 'F', 'TPE'),
 (133205, 'George', 'L. Young', 'M', 'USA'),
 (133222, 'Lawrence', 'Dean "Larry" Young', 'M', 'USA'),
 (133430, 'Kiyoo', 'Yui', 'M', 'JPN'),
 (133530, 'Snezhana', 'Marinova Yurukova (Dimitrova-)', 'F', 'BUL'),
 (133621, 'Thomas', 'Michael Zacharias', 'M', 'FRG'),
 (133866, 'Ahmed', 'Zairi Zammel', 'M', 'TUN'),
 (134208, 'Elbieta', 'Regina ebrowska (Bednarek-)', 'F', 'POL'),
 (134363, 'Michael', 'Zerbes', 'M', 'GDR'),
 (134695, 'Lyudmila', 'Ilyinichna Zharkova-Maslakova', 'F', 'URS'),
 (134715, 'Mikhail', 'Zhelev Stoykov', 'M', 'BUL'),
 (134719, 'Mikhail', 'Nikolayevich Zhelobovsky', 'M', 'URS'),
 (135009, 'Anna', 'Zimina (-Zaytseva)', 'F', 'URS'),
 (135069, 'Douglas', 'Zinkala', 'M', 'ZAM'),
 (135220, 'Aleksandr', 'Zolotarev', 'M', 'URS'),
 (135313, 'Gyula', 'Zsivtzky', 'M', 'HUN');

INSERT INTO EventParticipant (idAthlete, idEvent, ranking) VALUES 
 (313, 1, 21),
 (1326, 1, 35),
 (5034, 1, 20),
 (5482, 1, 4),
 (7430, 1, 5),
 (9261, 1, 6),
 (17503, 1, 7),
 (20178, 1, 8),
 (20715, 1, 9),
 (27232, 1, 10),
 (30402, 1, 11),
 (31588, 1, 12),
 (32085, 1, 13),
 (32814, 1, 14),
 (33301, 1, 15),
 (34638, 1, 16),
 (35268, 1, 17),
 (39860, 1, 18),
 (41616, 1, 19),
 (42662, 1, 3),
 (48696, 1, 1),
 (50260, 1, 22),
 (51747, 1, 23),
 (54180, 1, 24),
 (54652, 1, 25),
 (55726, 1, 26),
 (58561, 1, 27),
 (59314, 1, 28),
 (62411, 1, 29),
 (64955, 1, 30),
 (69228, 1, 31),
 (74452, 1, 32),
 (77912, 1, 33),
 (79131, 1, 34),
 (79915, 1, 2),
 (81414, 1, 36),
 (81416, 1, 37),
 (81524, 1, 38),
 (81955, 1, 39),
 (87073, 1, 40),
 (87241, 1, 41),
 (88371, 1, 42),
 (89085, 1, 43),
 (89199, 1, 44),
 (92988, 1, 45),
 (95344, 1, 46),
 (96802, 1, 47),
 (98650, 1, 48),
 (99212, 1, 49),
 (101470, 1, 50),
 (105193, 1, 51),
 (105434, 1, 52),
 (105650, 1, 53),
 (105690, 1, 54),
 (106718, 1, 55),
 (107160, 1, 56),
 (110310, 1, 57),
 (111326, 1, 58),
 (115936, 1, 59),
 (116069, 1, 60),
 (117176, 1, 61),
 (125916, 1, 62),
 (126943, 1, 63),
 (130214, 1, 64),
 (131847, 1, 65),
 (2255, 2, 1),
 (21881, 2, 2),
 (27029, 2, 3),
 (32362, 2, 4),
 (32799, 2, 5),
 (34030, 2, 6),
 (38252, 2, 7),
 (44486, 2, 8),
 (48592, 2, 9),
 (49220, 2, 10),
 (58429, 2, 11),
 (60847, 2, 12),
 (66718, 2, 13),
 (69055, 2, 14),
 (73172, 2, 15),
 (73490, 2, 16),
 (75771, 2, 17),
 (76189, 2, 18),
 (76202, 2, 19),
 (78022, 2, 20),
 (78324, 2, 21),
 (83633, 2, 22),
 (83892, 2, 23),
 (85215, 2, 24),
 (93391, 2, 25),
 (94430, 2, 26),
 (95894, 2, 27),
 (106329, 2, 28),
 (110568, 2, 29),
 (112423, 2, 30),
 (114547, 2, 31),
 (116837, 2, 32),
 (117003, 2, 33),
 (117506, 2, 34),
 (117775, 2, 35),
 (119147, 2, 36),
 (131283, 2, 37),
 (2255, 3, 36),
 (21881, 3, 37),
 (27029, 3, 7),
 (32362, 3, 4),
 (32799, 3, 5),
 (34030, 3, 6),
 (38252, 3, 3),
 (44486, 3, 8),
 (48592, 3, 9),
 (49220, 3, 10),
 (58429, 3, 11),
 (60847, 3, 12),
 (66718, 3, 13),
 (69055, 3, 14),
 (73172, 3, 15),
 (73490, 3, 16),
 (75771, 3, 17),
 (76189, 3, 18),
 (76202, 3, 19),
 (78022, 3, 20),
 (78324, 3, 21),
 (83633, 3, 22),
 (83892, 3, 23),
 (85215, 3, 24),
 (93391, 3, 25),
 (94430, 3, 26),
 (95894, 3, 27),
 (106329, 3, 28),
 (110568, 3, 29),
 (112423, 3, 30),
 (114547, 3, 31),
 (116837, 3, 32),
 (117003, 3, 33),
 (117506, 3, 34),
 (117775, 3, 35),
 (119147, 3, 1),
 (131283, 3, 2),
 (5279, 4, 1),
 (7254, 4, 2),
 (12417, 4, 3),
 (15164, 4, 4),
 (22351, 4, 5),
 (23084, 4, 6),
 (25546, 4, 7),
 (28008, 4, 8),
 (30829, 4, 9),
 (36332, 4, 10),
 (45004, 4, 11),
 (55293, 4, 12),
 (61536, 4, 13),
 (69632, 4, 14),
 (73872, 4, 15),
 (81728, 4, 16),
 (81789, 4, 17),
 (82836, 4, 18),
 (84019, 4, 19),
 (89199, 4, 20),
 (90034, 4, 21),
 (91673, 4, 22),
 (91875, 4, 23),
 (100711, 4, 24),
 (103999, 4, 25),
 (107349, 4, 26),
 (113167, 4, 27),
 (114949, 4, 28),
 (115500, 4, 29),
 (116066, 4, 30),
 (121531, 4, 31),
 (122162, 4, 32),
 (129893, 4, 33),
 (5279, 5, 1),
 (7254, 5, 2),
 (12417, 5, 3),
 (15164, 5, 4),
 (22351, 5, 5),
 (23084, 5, 6),
 (25546, 5, 7),
 (28008, 5, 8),
 (30829, 5, 9),
 (36332, 5, 10),
 (45004, 5, 11),
 (55293, 5, 12),
 (61536, 5, 13),
 (69632, 5, 14),
 (73872, 5, 15),
 (81728, 5, 16),
 (81789, 5, 17),
 (82836, 5, 18),
 (84019, 5, 19),
 (89199, 5, 20),
 (90034, 5, 21),
 (91673, 5, 22),
 (91875, 5, 23),
 (100711, 5, 24),
 (103999, 5, 25),
 (107349, 5, 26),
 (113167, 5, 27),
 (114949, 5, 28),
 (115500, 5, 29),
 (116066, 5, 30),
 (121531, 5, 31),
 (122162, 5, 32),
 (129893, 5, 33),
 (5279, 6, 7),
 (7254, 6, 11),
 (12417, 6, 21),
 (15164, 6, 4),
 (22351, 6, 5),
 (23084, 6, 6),
 (25546, 6, 1),
 (28008, 6, 8),
 (30829, 6, 9),
 (36332, 6, 10),
 (45004, 6, 2),
 (55293, 6, 12),
 (61536, 6, 13),
 (69632, 6, 14),
 (73872, 6, 15),
 (81728, 6, 16),
 (81789, 6, 17),
 (82836, 6, 18),
 (84019, 6, 19),
 (89199, 6, 20),
 (90034, 6, 3),
 (91673, 6, 22),
 (91875, 6, 23),
 (100711, 6, 24),
 (103999, 6, 25),
 (107349, 6, 26),
 (113167, 6, 27),
 (114949, 6, 28),
 (115500, 6, 29),
 (116066, 6, 30),
 (121531, 6, 31),
 (122162, 6, 32),
 (129893, 6, 33),
 (4997, 7, 24),
 (6889, 7, 42),
 (7637, 7, 48),
 (10143, 7, 4),
 (10394, 7, 5),
 (14054, 7, 6),
 (14294, 7, 7),
 (23049, 7, 8),
 (24160, 7, 9),
 (27031, 7, 10),
 (27098, 7, 11),
 (31040, 7, 12),
 (35404, 7, 13),
 (37153, 7, 14),
 (38737, 7, 15),
 (41546, 7, 16),
 (43191, 7, 17),
 (44543, 7, 18),
 (44606, 7, 19),
 (45808, 7, 20),
 (49776, 7, 21),
 (52631, 7, 22),
 (54919, 7, 23),
 (58429, 7, 1),
 (61020, 7, 25),
 (61513, 7, 26),
 (64319, 7, 27),
 (65433, 7, 28),
 (70438, 7, 29),
 (74212, 7, 30),
 (83520, 7, 31),
 (85332, 7, 32),
 (85877, 7, 33),
 (86970, 7, 34),
 (87343, 7, 35),
 (88018, 7, 36),
 (92410, 7, 37),
 (97883, 7, 38),
 (98597, 7, 39),
 (99265, 7, 40),
 (100974, 7, 41),
 (103917, 7, 2),
 (104287, 7, 43),
 (104905, 7, 44),
 (110799, 7, 45),
 (117589, 7, 46),
 (121837, 7, 47),
 (122606, 7, 3),
 (125359, 7, 49),
 (126801, 7, 50),
 (127411, 7, 51),
 (128983, 7, 52),
 (129958, 7, 53),
 (134719, 7, 54),
 (4997, 8, 1),
 (6889, 8, 2),
 (7637, 8, 3),
 (10143, 8, 4),
 (10394, 8, 5),
 (14054, 8, 6),
 (14294, 8, 7),
 (23049, 8, 8),
 (24160, 8, 9),
 (27031, 8, 10),
 (27098, 8, 11),
 (31040, 8, 12),
 (35404, 8, 13),
 (37153, 8, 14),
 (38737, 8, 15),
 (41546, 8, 16),
 (43191, 8, 17),
 (44543, 8, 18),
 (44606, 8, 19),
 (45808, 8, 20),
 (49776, 8, 21),
 (52631, 8, 22),
 (54919, 8, 23),
 (58429, 8, 24),
 (61020, 8, 25),
 (61513, 8, 26),
 (64319, 8, 27),
 (65433, 8, 28),
 (70438, 8, 29),
 (74212, 8, 30),
 (83520, 8, 31),
 (85332, 8, 32),
 (85877, 8, 33),
 (86970, 8, 34),
 (87343, 8, 35),
 (88018, 8, 36),
 (92410, 8, 37),
 (97883, 8, 38),
 (98597, 8, 39),
 (99265, 8, 40),
 (100974, 8, 41),
 (103917, 8, 42),
 (104287, 8, 43),
 (104905, 8, 44),
 (110799, 8, 45),
 (117589, 8, 46),
 (121837, 8, 47),
 (122606, 8, 48),
 (125359, 8, 49),
 (126801, 8, 50),
 (127411, 8, 51),
 (128983, 8, 52),
 (129958, 8, 53),
 (134719, 8, 54),
 (4997, 9, 1),
 (6889, 9, 2),
 (7637, 9, 3),
 (10143, 9, 4),
 (10394, 9, 5),
 (14054, 9, 6),
 (14294, 9, 7),
 (23049, 9, 8),
 (24160, 9, 9),
 (27031, 9, 10),
 (27098, 9, 11),
 (31040, 9, 12),
 (35404, 9, 13),
 (37153, 9, 14),
 (38737, 9, 15),
 (41546, 9, 16),
 (43191, 9, 17),
 (44543, 9, 18),
 (44606, 9, 19),
 (45808, 9, 20),
 (49776, 9, 21),
 (52631, 9, 22),
 (54919, 9, 23),
 (58429, 9, 24),
 (61020, 9, 25),
 (61513, 9, 26),
 (64319, 9, 27),
 (65433, 9, 28),
 (70438, 9, 29),
 (74212, 9, 30),
 (83520, 9, 31),
 (85332, 9, 32),
 (85877, 9, 33),
 (86970, 9, 34),
 (87343, 9, 35),
 (88018, 9, 36),
 (92410, 9, 37),
 (97883, 9, 38),
 (98597, 9, 39),
 (99265, 9, 40),
 (100974, 9, 41),
 (103917, 9, 42),
 (104287, 9, 43),
 (104905, 9, 44),
 (110799, 9, 45),
 (117589, 9, 46),
 (121837, 9, 47),
 (122606, 9, 48),
 (125359, 9, 49),
 (126801, 9, 50),
 (127411, 9, 51),
 (128983, 9, 52),
 (129958, 9, 53),
 (134719, 9, 54),
 (3968, 10, 1),
 (7791, 10, 2),
 (16795, 10, 3),
 (17537, 10, 4),
 (17784, 10, 5),
 (18070, 10, 6),
 (18112, 10, 7),
 (18904, 10, 8),
 (21799, 10, 9),
 (29446, 10, 10),
 (37083, 10, 11),
 (45145, 10, 12),
 (49611, 10, 13),
 (50858, 10, 14),
 (52151, 10, 15),
 (55615, 10, 16),
 (60833, 10, 17),
 (66010, 10, 18),
 (70081, 10, 19),
 (78976, 10, 20),
 (83096, 10, 21),
 (88778, 10, 22),
 (89590, 10, 23),
 (92691, 10, 24),
 (94363, 10, 25),
 (99753, 10, 26),
 (103713, 10, 27),
 (104430, 10, 28),
 (112036, 10, 29),
 (113521, 10, 30),
 (113806, 10, 31),
 (124050, 10, 32),
 (125117, 10, 33),
 (129091, 10, 34),
 (3968, 11, 13),
 (7791, 11, 24),
 (16795, 11, 29),
 (17537, 11, 4),
 (17784, 11, 5),
 (18070, 11, 6),
 (18112, 11, 7),
 (18904, 11, 8),
 (21799, 11, 9),
 (29446, 11, 10),
 (37083, 11, 11),
 (45145, 11, 12),
 (49611, 11, 1),
 (50858, 11, 14),
 (52151, 11, 15),
 (55615, 11, 16),
 (60833, 11, 17),
 (66010, 11, 18),
 (70081, 11, 19),
 (78976, 11, 20),
 (83096, 11, 21),
 (88778, 11, 22),
 (89590, 11, 23),
 (92691, 11, 2),
 (94363, 11, 25),
 (99753, 11, 26),
 (103713, 11, 27),
 (104430, 11, 28),
 (112036, 11, 3),
 (113521, 11, 30),
 (113806, 11, 31),
 (124050, 11, 32),
 (125117, 11, 33),
 (129091, 11, 34),
 (3968, 12, 1),
 (7791, 12, 2),
 (16795, 12, 3),
 (17537, 12, 4),
 (17784, 12, 5),
 (18070, 12, 6),
 (18112, 12, 7),
 (18904, 12, 8),
 (21799, 12, 9),
 (29446, 12, 10),
 (37083, 12, 11),
 (45145, 12, 12),
 (49611, 12, 13),
 (50858, 12, 14),
 (52151, 12, 15),
 (55615, 12, 16),
 (60833, 12, 17),
 (66010, 12, 18),
 (70081, 12, 19),
 (78976, 12, 20),
 (83096, 12, 21),
 (88778, 12, 22),
 (89590, 12, 23),
 (92691, 12, 24),
 (94363, 12, 25),
 (99753, 12, 26),
 (103713, 12, 27),
 (104430, 12, 28),
 (112036, 12, 29),
 (113521, 12, 30),
 (113806, 12, 31),
 (124050, 12, 32),
 (125117, 12, 33),
 (129091, 12, 34),
 (649, 13, 44),
 (887, 13, 35),
 (5034, 13, 11),
 (5482, 13, 4),
 (5697, 13, 5),
 (7430, 13, 6),
 (7583, 13, 7),
 (10798, 13, 8),
 (17503, 13, 9),
 (18216, 13, 10),
 (18290, 13, 3),
 (20715, 13, 12),
 (23151, 13, 13),
 (29916, 13, 14),
 (31719, 13, 15),
 (31795, 13, 16),
 (36635, 13, 17),
 (36898, 13, 18),
 (39860, 13, 19),
 (41616, 13, 20),
 (42317, 13, 21),
 (43861, 13, 22),
 (48684, 13, 23),
 (50260, 13, 24),
 (52828, 13, 25),
 (54180, 13, 26),
 (54652, 13, 27),
 (55414, 13, 28),
 (64948, 13, 29),
 (64955, 13, 30),
 (69228, 13, 31),
 (76126, 13, 32),
 (79131, 13, 33),
 (81955, 13, 34),
 (86955, 13, 2),
 (87073, 13, 36),
 (95383, 13, 37),
 (97882, 13, 38),
 (99212, 13, 39),
 (101290, 13, 40),
 (102264, 13, 41),
 (105434, 13, 42),
 (109996, 13, 43),
 (112418, 13, 1),
 (114559, 13, 45),
 (115936, 13, 46),
 (120170, 13, 47),
 (121247, 13, 48),
 (125916, 13, 49),
 (130214, 13, 50),
 (3162, 14, 4),
 (3273, 14, 15),
 (6190, 14, 39),
 (11864, 14, 1),
 (15413, 14, 5),
 (15884, 14, 6),
 (23037, 14, 7),
 (24498, 14, 8),
 (26514, 14, 9),
 (33349, 14, 10),
 (46107, 14, 11),
 (48173, 14, 12),
 (53124, 14, 13),
 (57633, 14, 14),
 (61934, 14, 2),
 (64661, 14, 16),
 (78696, 14, 17),
 (80253, 14, 18),
 (80538, 14, 19),
 (81087, 14, 20),
 (82214, 14, 21),
 (86150, 14, 22),
 (87667, 14, 23),
 (90099, 14, 24),
 (93629, 14, 25),
 (97883, 14, 26),
 (99739, 14, 27),
 (100996, 14, 28),
 (101010, 14, 29),
 (101888, 14, 30),
 (105891, 14, 31),
 (117329, 14, 32),
 (119442, 14, 33),
 (124221, 14, 34),
 (126597, 14, 35),
 (127921, 14, 36),
 (129562, 14, 37),
 (131286, 14, 38),
 (133205, 14, 3),
 (134715, 14, 40),
 (5594, 15, 1),
 (5697, 15, 2),
 (6662, 15, 3),
 (7117, 15, 4),
 (9719, 15, 5),
 (10907, 15, 6),
 (11156, 15, 7),
 (13071, 15, 8),
 (16221, 15, 9),
 (16683, 15, 10),
 (17694, 15, 11),
 (18588, 15, 12),
 (25623, 15, 13),
 (28291, 15, 14),
 (28765, 15, 15),
 (29094, 15, 16),
 (29221, 15, 17),
 (31085, 15, 18),
 (31630, 15, 19),
 (33457, 15, 20),
 (36202, 15, 21),
 (36996, 15, 22),
 (37968, 15, 23),
 (40034, 15, 24),
 (42317, 15, 25),
 (46123, 15, 26),
 (48429, 15, 27),
 (51237, 15, 28),
 (53493, 15, 29),
 (54241, 15, 30),
 (57011, 15, 31),
 (60449, 15, 32),
 (64948, 15, 33),
 (70866, 15, 34),
 (73051, 15, 35),
 (73372, 15, 36),
 (73794, 15, 37),
 (75701, 15, 38),
 (78753, 15, 39),
 (79916, 15, 40),
 (83080, 15, 41),
 (83163, 15, 42),
 (84421, 15, 43),
 (85883, 15, 44),
 (87455, 15, 45),
 (89085, 15, 46),
 (90028, 15, 47),
 (93050, 15, 48),
 (94923, 15, 49),
 (103273, 15, 50),
 (110772, 15, 51),
 (119102, 15, 52),
 (129704, 15, 53),
 (130940, 15, 54),
 (134363, 15, 55),
 (5594, 16, 1),
 (5697, 16, 2),
 (6662, 16, 3),
 (7117, 16, 4),
 (9719, 16, 5),
 (10907, 16, 6),
 (11156, 16, 7),
 (13071, 16, 8),
 (16221, 16, 9),
 (16683, 16, 10),
 (17694, 16, 11),
 (18588, 16, 12),
 (25623, 16, 13),
 (28291, 16, 14),
 (28765, 16, 15),
 (29094, 16, 16),
 (29221, 16, 17),
 (31085, 16, 18),
 (31630, 16, 19),
 (33457, 16, 20),
 (36202, 16, 21),
 (36996, 16, 22),
 (37968, 16, 23),
 (40034, 16, 24),
 (42317, 16, 25),
 (46123, 16, 26),
 (48429, 16, 27),
 (51237, 16, 28),
 (53493, 16, 29),
 (54241, 16, 30),
 (57011, 16, 31),
 (60449, 16, 32),
 (64948, 16, 33),
 (70866, 16, 34),
 (73051, 16, 35),
 (73372, 16, 36),
 (73794, 16, 37),
 (75701, 16, 38),
 (78753, 16, 39),
 (79916, 16, 40),
 (83080, 16, 41),
 (83163, 16, 42),
 (84421, 16, 43),
 (85883, 16, 44),
 (87455, 16, 45),
 (89085, 16, 46),
 (90028, 16, 47),
 (93050, 16, 48),
 (94923, 16, 49),
 (103273, 16, 50),
 (110772, 16, 51),
 (119102, 16, 52),
 (129704, 16, 53),
 (130940, 16, 54),
 (134363, 16, 55),
 (5594, 17, 20),
 (5697, 17, 29),
 (6662, 17, 22),
 (7117, 17, 4),
 (9719, 17, 5),
 (10907, 17, 6),
 (11156, 17, 7),
 (13071, 17, 8),
 (16221, 17, 9),
 (16683, 17, 10),
 (17694, 17, 11),
 (18588, 17, 12),
 (25623, 17, 13),
 (28291, 17, 14),
 (28765, 17, 15),
 (29094, 17, 16),
 (29221, 17, 17),
 (31085, 17, 18),
 (31630, 17, 19),
 (33457, 17, 1),
 (36202, 17, 21),
 (36996, 17, 3),
 (37968, 17, 23),
 (40034, 17, 24),
 (42317, 17, 25),
 (46123, 17, 26),
 (48429, 17, 27),
 (51237, 17, 28),
 (53493, 17, 2),
 (54241, 17, 30),
 (57011, 17, 31),
 (60449, 17, 32),
 (64948, 17, 33),
 (70866, 17, 34),
 (73051, 17, 35),
 (73372, 17, 36),
 (73794, 17, 37),
 (75701, 17, 38),
 (78753, 17, 39),
 (79916, 17, 40),
 (83080, 17, 41),
 (83163, 17, 42),
 (84421, 17, 43),
 (85883, 17, 44),
 (87455, 17, 45),
 (89085, 17, 46),
 (90028, 17, 47),
 (93050, 17, 48),
 (94923, 17, 49),
 (103273, 17, 50),
 (110772, 17, 51),
 (119102, 17, 52),
 (129704, 17, 53),
 (130940, 17, 54),
 (134363, 17, 55),
 (296, 18, 10),
 (11712, 18, 11),
 (15366, 18, 23),
 (22941, 18, 4),
 (31085, 18, 5),
 (37235, 18, 6),
 (38619, 18, 7),
 (39329, 18, 8),
 (41808, 18, 9),
 (47515, 18, 1),
 (47664, 18, 2),
 (55449, 18, 12),
 (59066, 18, 13),
 (61536, 18, 14),
 (74003, 18, 15),
 (77772, 18, 16),
 (88772, 18, 17),
 (95727, 18, 18),
 (97835, 18, 19),
 (105133, 18, 20),
 (105845, 18, 21),
 (107590, 18, 22),
 (109634, 18, 3),
 (111735, 18, 24),
 (113167, 18, 25),
 (122646, 18, 26),
 (125096, 18, 27),
 (129471, 18, 28),
 (130082, 18, 29),
 (133430, 18, 30),
 (296, 19, 1),
 (11712, 19, 2),
 (15366, 19, 3),
 (22941, 19, 4),
 (31085, 19, 5),
 (37235, 19, 6),
 (38619, 19, 7),
 (39329, 19, 8),
 (41808, 19, 9),
 (47515, 19, 10),
 (47664, 19, 11),
 (55449, 19, 12),
 (59066, 19, 13),
 (61536, 19, 14),
 (74003, 19, 15),
 (77772, 19, 16),
 (88772, 19, 17),
 (95727, 19, 18),
 (97835, 19, 19),
 (105133, 19, 20),
 (105845, 19, 21),
 (107590, 19, 22),
 (109634, 19, 23),
 (111735, 19, 24),
 (113167, 19, 25),
 (122646, 19, 26),
 (125096, 19, 27),
 (129471, 19, 28),
 (130082, 19, 29),
 (133430, 19, 30),
 (1117, 20, 1),
 (3968, 20, 2),
 (18070, 20, 3),
 (21799, 20, 4),
 (22382, 20, 5),
 (24055, 20, 6),
 (27240, 20, 7),
 (27348, 20, 8),
 (32244, 20, 9),
 (38744, 20, 10),
 (42928, 20, 11),
 (48026, 20, 12),
 (49265, 20, 13),
 (52151, 20, 14),
 (58579, 20, 15),
 (60833, 20, 16),
 (61351, 20, 17),
 (65780, 20, 18),
 (69092, 20, 19),
 (69809, 20, 20),
 (70081, 20, 21),
 (73447, 20, 22),
 (78976, 20, 23),
 (85341, 20, 24),
 (86161, 20, 25),
 (90922, 20, 26),
 (92691, 20, 27),
 (102266, 20, 28),
 (103713, 20, 29),
 (104430, 20, 30),
 (108509, 20, 31),
 (113521, 20, 32),
 (116031, 20, 33),
 (126826, 20, 34),
 (129315, 20, 35),
 (133222, 20, 36),
 (1117, 21, 1),
 (3968, 21, 2),
 (18070, 21, 3),
 (21799, 21, 4),
 (22382, 21, 5),
 (24055, 21, 6),
 (27240, 21, 7),
 (27348, 21, 8),
 (32244, 21, 9),
 (38744, 21, 10),
 (42928, 21, 11),
 (48026, 21, 12),
 (49265, 21, 13),
 (52151, 21, 14),
 (58579, 21, 15),
 (60833, 21, 16),
 (61351, 21, 17),
 (65780, 21, 18),
 (69092, 21, 19),
 (69809, 21, 20),
 (70081, 21, 21),
 (73447, 21, 22),
 (78976, 21, 23),
 (85341, 21, 24),
 (86161, 21, 25),
 (90922, 21, 26),
 (92691, 21, 27),
 (102266, 21, 28),
 (103713, 21, 29),
 (104430, 21, 30),
 (108509, 21, 31),
 (113521, 21, 32),
 (116031, 21, 33),
 (126826, 21, 34),
 (129315, 21, 35),
 (133222, 21, 36),
 (1117, 22, 13),
 (3968, 22, 16),
 (18070, 22, 36),
 (21799, 22, 4),
 (22382, 22, 5),
 (24055, 22, 6),
 (27240, 22, 7),
 (27348, 22, 8),
 (32244, 22, 9),
 (38744, 22, 10),
 (42928, 22, 11),
 (48026, 22, 12),
 (49265, 22, 1),
 (52151, 22, 14),
 (58579, 22, 15),
 (60833, 22, 2),
 (61351, 22, 17),
 (65780, 22, 18),
 (69092, 22, 19),
 (69809, 22, 20),
 (70081, 22, 21),
 (73447, 22, 22),
 (78976, 22, 23),
 (85341, 22, 24),
 (86161, 22, 25),
 (90922, 22, 26),
 (92691, 22, 27),
 (102266, 22, 28),
 (103713, 22, 29),
 (104430, 22, 30),
 (108509, 22, 31),
 (113521, 22, 32),
 (116031, 22, 33),
 (126826, 22, 34),
 (129315, 22, 35),
 (133222, 22, 3),
 (926, 23, 1),
 (6523, 23, 2),
 (12283, 23, 3),
 (14888, 23, 4),
 (21881, 23, 5),
 (25806, 23, 6),
 (27029, 23, 7),
 (28456, 23, 8),
 (32362, 23, 9),
 (35417, 23, 10),
 (38252, 23, 11),
 (40558, 23, 12),
 (58429, 23, 13),
 (60847, 23, 14),
 (73172, 23, 15),
 (75771, 23, 16),
 (76189, 23, 17),
 (77177, 23, 18),
 (81770, 23, 19),
 (83633, 23, 20),
 (83892, 23, 21),
 (86970, 23, 22),
 (93391, 23, 23),
 (97661, 23, 24),
 (97883, 23, 25),
 (103565, 23, 26),
 (106329, 23, 27),
 (107308, 23, 28),
 (108014, 23, 29),
 (109260, 23, 30),
 (110568, 23, 31),
 (114547, 23, 32),
 (117003, 23, 33),
 (118874, 23, 34),
 (119147, 23, 35),
 (124028, 23, 36),
 (127841, 23, 37),
 (131283, 23, 38),
 (133866, 23, 39),
 (926, 24, 11),
 (6523, 24, 13),
 (12283, 24, 35),
 (14888, 24, 4),
 (21881, 24, 5),
 (25806, 24, 6),
 (27029, 24, 7),
 (28456, 24, 8),
 (32362, 24, 9),
 (35417, 24, 10),
 (38252, 24, 1),
 (40558, 24, 12),
 (58429, 24, 2),
 (60847, 24, 14),
 (73172, 24, 15),
 (75771, 24, 16),
 (76189, 24, 17),
 (77177, 24, 18),
 (81770, 24, 19),
 (83633, 24, 20),
 (83892, 24, 21),
 (86970, 24, 22),
 (93391, 24, 23),
 (97661, 24, 24),
 (97883, 24, 25),
 (103565, 24, 26),
 (106329, 24, 27),
 (107308, 24, 28),
 (108014, 24, 29),
 (109260, 24, 30),
 (110568, 24, 31),
 (114547, 24, 32),
 (117003, 24, 33),
 (118874, 24, 34),
 (119147, 24, 3),
 (124028, 24, 36),
 (127841, 24, 37),
 (131283, 24, 38),
 (133866, 24, 39),
 (841, 25, 1),
 (3415, 25, 2),
 (5446, 25, 3),
 (6754, 25, 4),
 (9658, 25, 5),
 (18588, 25, 6),
 (18633, 25, 7),
 (19180, 25, 8),
 (23920, 25, 9),
 (24160, 25, 10),
 (24194, 25, 11),
 (27098, 25, 12),
 (29655, 25, 13),
 (30461, 25, 14),
 (31040, 25, 15),
 (34151, 25, 16),
 (37153, 25, 17),
 (37323, 25, 18),
 (38737, 25, 19),
 (44543, 25, 20),
 (49776, 25, 21),
 (51237, 25, 22),
 (52631, 25, 23),
 (56320, 25, 24),
 (58653, 25, 25),
 (60620, 25, 26),
 (65293, 25, 27),
 (66791, 25, 28),
 (70866, 25, 29),
 (78753, 25, 30),
 (83951, 25, 31),
 (84062, 25, 32),
 (84895, 25, 33),
 (90101, 25, 34),
 (93050, 25, 35),
 (95324, 25, 36),
 (98597, 25, 37),
 (104412, 25, 38),
 (108129, 25, 39),
 (110155, 25, 40),
 (110551, 25, 41),
 (117589, 25, 42),
 (124775, 25, 43),
 (841, 26, 1),
 (3415, 26, 2),
 (5446, 26, 3),
 (6754, 26, 4),
 (9658, 26, 5),
 (18588, 26, 6),
 (18633, 26, 7),
 (19180, 26, 8),
 (23920, 26, 9),
 (24160, 26, 10),
 (24194, 26, 11),
 (27098, 26, 12),
 (29655, 26, 13),
 (30461, 26, 14),
 (31040, 26, 15),
 (34151, 26, 16),
 (37153, 26, 17),
 (37323, 26, 18),
 (38737, 26, 19),
 (44543, 26, 20),
 (49776, 26, 21),
 (51237, 26, 22),
 (52631, 26, 23),
 (56320, 26, 24),
 (58653, 26, 25),
 (60620, 26, 26),
 (65293, 26, 27),
 (66791, 26, 28),
 (70866, 26, 29),
 (78753, 26, 30),
 (83951, 26, 31),
 (84062, 26, 32),
 (84895, 26, 33),
 (90101, 26, 34),
 (93050, 26, 35),
 (95324, 26, 36),
 (98597, 26, 37),
 (104412, 26, 38),
 (108129, 26, 39),
 (110155, 26, 40),
 (110551, 26, 41),
 (117589, 26, 42),
 (124775, 26, 43),
 (841, 27, 13),
 (3415, 27, 26),
 (5446, 27, 16),
 (6754, 27, 4),
 (9658, 27, 5),
 (18588, 27, 6),
 (18633, 27, 7),
 (19180, 27, 8),
 (23920, 27, 9),
 (24160, 27, 10),
 (24194, 27, 11),
 (27098, 27, 12),
 (29655, 27, 1),
 (30461, 27, 14),
 (31040, 27, 15),
 (34151, 27, 3),
 (37153, 27, 17),
 (37323, 27, 18),
 (38737, 27, 19),
 (44543, 27, 20),
 (49776, 27, 21),
 (51237, 27, 22),
 (52631, 27, 23),
 (56320, 27, 24),
 (58653, 27, 25),
 (60620, 27, 2),
 (65293, 27, 27),
 (66791, 27, 28),
 (70866, 27, 29),
 (78753, 27, 30),
 (83951, 27, 31),
 (84062, 27, 32),
 (84895, 27, 33),
 (90101, 27, 34),
 (93050, 27, 35),
 (95324, 27, 36),
 (98597, 27, 37),
 (104412, 27, 38),
 (108129, 27, 39),
 (110155, 27, 40),
 (110551, 27, 41),
 (117589, 27, 42),
 (124775, 27, 43),
 (4630, 28, 1),
 (5991, 28, 2),
 (6123, 28, 3),
 (9998, 28, 4),
 (11350, 28, 5),
 (18383, 28, 6),
 (20178, 28, 7),
 (26496, 28, 8),
 (28455, 28, 9),
 (30920, 28, 10),
 (31125, 28, 11),
 (47103, 28, 12),
 (48215, 28, 13),
 (48940, 28, 14),
 (60774, 28, 15),
 (65014, 28, 16),
 (66533, 28, 17),
 (68996, 28, 18),
 (71222, 28, 19),
 (74350, 28, 20),
 (98523, 28, 21),
 (111977, 28, 22),
 (112124, 28, 23),
 (120187, 28, 24),
 (120261, 28, 25),
 (121078, 28, 26),
 (121724, 28, 27),
 (125759, 28, 28),
 (127381, 28, 29),
 (127816, 28, 30),
 (128039, 28, 31),
 (129755, 28, 32),
 (131762, 28, 33),
 (4630, 29, 26),
 (5991, 29, 31),
 (6123, 29, 4),
 (9998, 29, 3),
 (11350, 29, 5),
 (18383, 29, 6),
 (20178, 29, 7),
 (26496, 29, 8),
 (28455, 29, 9),
 (30920, 29, 10),
 (31125, 29, 11),
 (47103, 29, 12),
 (48215, 29, 13),
 (48940, 29, 14),
 (60774, 29, 15),
 (65014, 29, 16),
 (66533, 29, 17),
 (68996, 29, 18),
 (71222, 29, 19),
 (74350, 29, 20),
 (98523, 29, 21),
 (111977, 29, 22),
 (112124, 29, 23),
 (120187, 29, 24),
 (120261, 29, 25),
 (121078, 29, 1),
 (121724, 29, 27),
 (125759, 29, 28),
 (127381, 29, 29),
 (127816, 29, 30),
 (128039, 29, 2),
 (129755, 29, 32),
 (131762, 29, 33),
 (15669, 30, 1),
 (18300, 30, 2),
 (25157, 30, 3),
 (34006, 30, 4),
 (37960, 30, 5),
 (43503, 30, 6),
 (47661, 30, 7),
 (50680, 30, 8),
 (56182, 30, 9),
 (57858, 30, 10),
 (63666, 30, 11),
 (71588, 30, 12),
 (78041, 30, 13),
 (78659, 30, 14),
 (79780, 30, 15),
 (85426, 30, 16),
 (85779, 30, 17),
 (88073, 30, 18),
 (94564, 30, 19),
 (97379, 30, 20),
 (99760, 30, 21),
 (99806, 30, 22),
 (106642, 30, 23),
 (110584, 30, 24),
 (117848, 30, 25),
 (118385, 30, 26),
 (119029, 30, 27),
 (15669, 31, 1),
 (18300, 31, 2),
 (25157, 31, 3),
 (34006, 31, 4),
 (37960, 31, 5),
 (43503, 31, 6),
 (47661, 31, 7),
 (50680, 31, 8),
 (56182, 31, 9),
 (57858, 31, 10),
 (63666, 31, 11),
 (71588, 31, 12),
 (78041, 31, 13),
 (78659, 31, 14),
 (79780, 31, 15),
 (85426, 31, 16),
 (85779, 31, 17),
 (88073, 31, 18),
 (94564, 31, 19),
 (97379, 31, 20),
 (99760, 31, 21),
 (99806, 31, 22),
 (106642, 31, 23),
 (110584, 31, 24),
 (117848, 31, 25),
 (118385, 31, 26),
 (119029, 31, 27),
 (15669, 32, 18),
 (18300, 32, 15),
 (25157, 32, 3),
 (34006, 32, 4),
 (37960, 32, 5),
 (43503, 32, 6),
 (47661, 32, 7),
 (50680, 32, 8),
 (56182, 32, 9),
 (57858, 32, 10),
 (63666, 32, 11),
 (71588, 32, 12),
 (78041, 32, 13),
 (78659, 32, 14),
 (79780, 32, 2),
 (85426, 32, 16),
 (85779, 32, 17),
 (88073, 32, 1),
 (94564, 32, 19),
 (97379, 32, 20),
 (99760, 32, 21),
 (99806, 32, 22),
 (106642, 32, 23),
 (110584, 32, 24),
 (117848, 32, 25),
 (118385, 32, 26),
 (119029, 32, 27),
 (3468, 33, 1),
 (8761, 33, 2),
 (11145, 33, 3),
 (16607, 33, 4),
 (18834, 33, 5),
 (22698, 33, 6),
 (31344, 33, 7),
 (33773, 33, 8),
 (44991, 33, 9),
 (46387, 33, 10),
 (52485, 33, 11),
 (61238, 33, 12),
 (62401, 33, 13),
 (64896, 33, 14),
 (71719, 33, 15),
 (75764, 33, 16),
 (81778, 33, 17),
 (92409, 33, 18),
 (109424, 33, 19),
 (116206, 33, 20),
 (119550, 33, 21),
 (135313, 33, 22),
 (3468, 34, 1),
 (8761, 34, 2),
 (11145, 34, 3),
 (16607, 34, 4),
 (18834, 34, 5),
 (22698, 34, 6),
 (31344, 34, 7),
 (33773, 34, 8),
 (44991, 34, 9),
 (46387, 34, 10),
 (52485, 34, 11),
 (61238, 34, 12),
 (62401, 34, 13),
 (64896, 34, 14),
 (71719, 34, 15),
 (75764, 34, 16),
 (81778, 34, 17),
 (92409, 34, 18),
 (109424, 34, 19),
 (116206, 34, 20),
 (119550, 34, 21),
 (135313, 34, 22),
 (3468, 35, 22),
 (8761, 35, 12),
 (11145, 35, 15),
 (16607, 35, 4),
 (18834, 35, 5),
 (22698, 35, 6),
 (31344, 35, 7),
 (33773, 35, 8),
 (44991, 35, 9),
 (46387, 35, 10),
 (52485, 35, 11),
 (61238, 35, 2),
 (62401, 35, 13),
 (64896, 35, 14),
 (71719, 35, 3),
 (75764, 35, 16),
 (81778, 35, 17),
 (92409, 35, 18),
 (109424, 35, 19),
 (116206, 35, 20),
 (119550, 35, 21),
 (135313, 35, 1),
 (605, 36, 13),
 (606, 36, 9),
 (2560, 36, 15),
 (7248, 36, 4),
 (13024, 36, 5),
 (14321, 36, 6),
 (15575, 36, 7),
 (17861, 36, 8),
 (18683, 36, 2),
 (23924, 36, 10),
 (29611, 36, 11),
 (32338, 36, 12),
 (36401, 36, 1),
 (38877, 36, 14),
 (39163, 36, 3),
 (49734, 36, 16),
 (50747, 36, 17),
 (51637, 36, 18),
 (63305, 36, 19),
 (72331, 36, 20),
 (79787, 36, 21),
 (88572, 36, 22),
 (90707, 36, 23),
 (92578, 36, 24),
 (96336, 36, 25),
 (104404, 36, 26),
 (108656, 36, 27),
 (110277, 36, 28),
 (111023, 36, 29),
 (111850, 36, 30),
 (112535, 36, 31),
 (113835, 36, 32),
 (116223, 36, 33),
 (120701, 36, 34),
 (121531, 36, 35),
 (122675, 36, 36),
 (129220, 36, 37),
 (130279, 36, 38),
 (133621, 36, 39),
 (16239, 37, 1),
 (23546, 37, 2),
 (47215, 37, 3),
 (47902, 37, 4),
 (49869, 37, 5),
 (53598, 37, 6),
 (60544, 37, 7),
 (64805, 37, 8),
 (69793, 37, 9),
 (72466, 37, 10),
 (83607, 37, 11),
 (85264, 37, 12),
 (85513, 37, 13),
 (86195, 37, 14),
 (86363, 37, 15),
 (90366, 37, 16),
 (92799, 37, 17),
 (104842, 37, 18),
 (110229, 37, 19),
 (111255, 37, 20),
 (114921, 37, 21),
 (115427, 37, 22),
 (121740, 37, 23),
 (125759, 37, 24),
 (127441, 37, 25),
 (131336, 37, 26),
 (131952, 37, 27),
 (16239, 38, 10),
 (23546, 38, 7),
 (47215, 38, 8),
 (47902, 38, 4),
 (49869, 38, 5),
 (53598, 38, 6),
 (60544, 38, 2),
 (64805, 38, 3),
 (69793, 38, 9),
 (72466, 38, 1),
 (83607, 38, 11),
 (85264, 38, 12),
 (85513, 38, 13),
 (86195, 38, 14),
 (86363, 38, 15),
 (90366, 38, 16),
 (92799, 38, 17),
 (104842, 38, 18),
 (110229, 38, 19),
 (111255, 38, 20),
 (114921, 38, 21),
 (115427, 38, 22),
 (121740, 38, 23),
 (125759, 38, 24),
 (127441, 38, 25),
 (131336, 38, 26),
 (131952, 38, 27),
 (16239, 39, 1),
 (23546, 39, 2),
 (47215, 39, 3),
 (47902, 39, 4),
 (49869, 39, 5),
 (53598, 39, 6),
 (60544, 39, 7),
 (64805, 39, 8),
 (69793, 39, 9),
 (72466, 39, 10),
 (83607, 39, 11),
 (85264, 39, 12),
 (85513, 39, 13),
 (86195, 39, 14),
 (86363, 39, 15),
 (90366, 39, 16),
 (92799, 39, 17),
 (104842, 39, 18),
 (110229, 39, 19),
 (111255, 39, 20),
 (114921, 39, 21),
 (115427, 39, 22),
 (121740, 39, 23),
 (125759, 39, 24),
 (127441, 39, 25),
 (131336, 39, 26),
 (131952, 39, 27),
 (368, 40, 4),
 (1326, 40, 5),
 (7906, 40, 7),
 (9026, 40, 1),
 (9343, 40, 2),
 (13727, 40, 6),
 (13797, 40, 3),
 (15395, 40, 8),
 (19887, 40, 9),
 (20243, 40, 10),
 (21123, 40, 11),
 (21964, 40, 12),
 (22146, 40, 13),
 (23725, 40, 14),
 (25635, 40, 15),
 (35906, 40, 16),
 (49806, 40, 17),
 (50260, 40, 18),
 (68852, 40, 19),
 (68937, 40, 20),
 (77060, 40, 21),
 (78248, 40, 22),
 (88212, 40, 23),
 (91056, 40, 24),
 (96582, 40, 25),
 (99524, 40, 26),
 (104286, 40, 27),
 (105844, 40, 28),
 (114225, 40, 29),
 (116069, 40, 30),
 (119229, 40, 31),
 (123162, 40, 32),
 (125759, 40, 33),
 (131111, 40, 34),
 (132252, 40, 35),
 (368, 41, 1),
 (1326, 41, 2),
 (7906, 41, 3),
 (9026, 41, 4),
 (9343, 41, 5),
 (13727, 41, 6),
 (13797, 41, 7),
 (15395, 41, 8),
 (19887, 41, 9),
 (20243, 41, 10),
 (21123, 41, 11),
 (21964, 41, 12),
 (22146, 41, 13),
 (23725, 41, 14),
 (25635, 41, 15),
 (35906, 41, 16),
 (49806, 41, 17),
 (50260, 41, 18),
 (68852, 41, 19),
 (68937, 41, 20),
 (77060, 41, 21),
 (78248, 41, 22),
 (88212, 41, 23),
 (91056, 41, 24),
 (96582, 41, 25),
 (99524, 41, 26),
 (104286, 41, 27),
 (105844, 41, 28),
 (114225, 41, 29),
 (116069, 41, 30),
 (119229, 41, 31),
 (123162, 41, 32),
 (125759, 41, 33),
 (131111, 41, 34),
 (132252, 41, 35),
 (368, 42, 1),
 (1326, 42, 2),
 (7906, 42, 3),
 (9026, 42, 4),
 (9343, 42, 5),
 (13727, 42, 6),
 (13797, 42, 7),
 (15395, 42, 8),
 (19887, 42, 9),
 (20243, 42, 10),
 (21123, 42, 11),
 (21964, 42, 12),
 (22146, 42, 13),
 (23725, 42, 14),
 (25635, 42, 15),
 (35906, 42, 16),
 (49806, 42, 17),
 (50260, 42, 18),
 (68852, 42, 19),
 (68937, 42, 20),
 (77060, 42, 21),
 (78248, 42, 22),
 (88212, 42, 23),
 (91056, 42, 24),
 (96582, 42, 25),
 (99524, 42, 26),
 (104286, 42, 27),
 (105844, 42, 28),
 (114225, 42, 29),
 (116069, 42, 30),
 (119229, 42, 31),
 (123162, 42, 32),
 (125759, 42, 33),
 (131111, 42, 34),
 (132252, 42, 35),
 (870, 43, 73),
 (1597, 43, 31),
 (1747, 43, 56),
 (2438, 43, 4),
 (3380, 43, 5),
 (3666, 43, 6),
 (6759, 43, 7),
 (11467, 43, 8),
 (14323, 43, 9),
 (16805, 43, 10),
 (21958, 43, 11),
 (22579, 43, 12),
 (24357, 43, 13),
 (24919, 43, 14),
 (25787, 43, 15),
 (26526, 43, 16),
 (29946, 43, 17),
 (34030, 43, 18),
 (34162, 43, 19),
 (37183, 43, 20),
 (38608, 43, 21),
 (38874, 43, 22),
 (41481, 43, 23),
 (44167, 43, 24),
 (44320, 43, 25),
 (48010, 43, 26),
 (48890, 43, 27),
 (55527, 43, 28),
 (56850, 43, 29),
 (59775, 43, 30),
 (60401, 43, 2),
 (64984, 43, 32),
 (68072, 43, 33),
 (68102, 43, 34),
 (74582, 43, 35),
 (76202, 43, 36),
 (77688, 43, 37),
 (77846, 43, 38),
 (78022, 43, 39),
 (78809, 43, 40),
 (81224, 43, 41),
 (81664, 43, 42),
 (82384, 43, 43),
 (82872, 43, 44),
 (83633, 43, 45),
 (88869, 43, 46),
 (92768, 43, 47),
 (92970, 43, 48),
 (93235, 43, 49),
 (93288, 43, 50),
 (93391, 43, 51),
 (97258, 43, 52),
 (100765, 43, 53),
 (101888, 43, 54),
 (103468, 43, 55),
 (103792, 43, 3),
 (105917, 43, 57),
 (109173, 43, 58),
 (109266, 43, 59),
 (110318, 43, 60),
 (110568, 43, 61),
 (110668, 43, 62),
 (114717, 43, 63),
 (114978, 43, 64),
 (115188, 43, 65),
 (116296, 43, 66),
 (116724, 43, 67),
 (119147, 43, 68),
 (119442, 43, 69),
 (119707, 43, 70),
 (121395, 43, 71),
 (123538, 43, 72),
 (131283, 43, 1),
 (133205, 43, 74),
 (135069, 43, 75),
 (870, 44, 1),
 (1597, 44, 2),
 (1747, 44, 3),
 (2438, 44, 4),
 (3380, 44, 5),
 (3666, 44, 6),
 (6759, 44, 7),
 (11467, 44, 8),
 (14323, 44, 9),
 (16805, 44, 10),
 (21958, 44, 11),
 (22579, 44, 12),
 (24357, 44, 13),
 (24919, 44, 14),
 (25787, 44, 15),
 (26526, 44, 16),
 (29946, 44, 17),
 (34030, 44, 18),
 (34162, 44, 19),
 (37183, 44, 20),
 (38608, 44, 21),
 (38874, 44, 22),
 (41481, 44, 23),
 (44167, 44, 24),
 (44320, 44, 25),
 (48010, 44, 26),
 (48890, 44, 27),
 (55527, 44, 28),
 (56850, 44, 29),
 (59775, 44, 30),
 (60401, 44, 31),
 (64984, 44, 32),
 (68072, 44, 33),
 (68102, 44, 34),
 (74582, 44, 35),
 (76202, 44, 36),
 (77688, 44, 37),
 (77846, 44, 38),
 (78022, 44, 39),
 (78809, 44, 40),
 (81224, 44, 41),
 (81664, 44, 42),
 (82384, 44, 43),
 (82872, 44, 44),
 (83633, 44, 45),
 (88869, 44, 46),
 (92768, 44, 47),
 (92970, 44, 48),
 (93235, 44, 49),
 (93288, 44, 50),
 (93391, 44, 51),
 (97258, 44, 52),
 (100765, 44, 53),
 (101888, 44, 54),
 (103468, 44, 55),
 (103792, 44, 56),
 (105917, 44, 57),
 (109173, 44, 58),
 (109266, 44, 59),
 (110318, 44, 60),
 (110568, 44, 61),
 (110668, 44, 62),
 (114717, 44, 63),
 (114978, 44, 64),
 (115188, 44, 65),
 (116296, 44, 66),
 (116724, 44, 67),
 (119147, 44, 68),
 (119442, 44, 69),
 (119707, 44, 70),
 (121395, 44, 71),
 (123538, 44, 72),
 (131283, 44, 73),
 (133205, 44, 74),
 (135069, 44, 75),
 (870, 45, 1),
 (1597, 45, 2),
 (1747, 45, 3),
 (2438, 45, 4),
 (3380, 45, 5),
 (3666, 45, 6),
 (6759, 45, 7),
 (11467, 45, 8),
 (14323, 45, 9),
 (16805, 45, 10),
 (21958, 45, 11),
 (22579, 45, 12),
 (24357, 45, 13),
 (24919, 45, 14),
 (25787, 45, 15),
 (26526, 45, 16),
 (29946, 45, 17),
 (34030, 45, 18),
 (34162, 45, 19),
 (37183, 45, 20),
 (38608, 45, 21),
 (38874, 45, 22),
 (41481, 45, 23),
 (44167, 45, 24),
 (44320, 45, 25),
 (48010, 45, 26),
 (48890, 45, 27),
 (55527, 45, 28),
 (56850, 45, 29),
 (59775, 45, 30),
 (60401, 45, 31),
 (64984, 45, 32),
 (68072, 45, 33),
 (68102, 45, 34),
 (74582, 45, 35),
 (76202, 45, 36),
 (77688, 45, 37),
 (77846, 45, 38),
 (78022, 45, 39),
 (78809, 45, 40),
 (81224, 45, 41),
 (81664, 45, 42),
 (82384, 45, 43),
 (82872, 45, 44),
 (83633, 45, 45),
 (88869, 45, 46),
 (92768, 45, 47),
 (92970, 45, 48),
 (93235, 45, 49),
 (93288, 45, 50),
 (93391, 45, 51),
 (97258, 45, 52),
 (100765, 45, 53),
 (101888, 45, 54),
 (103468, 45, 55),
 (103792, 45, 56),
 (105917, 45, 57),
 (109173, 45, 58),
 (109266, 45, 59),
 (110318, 45, 60),
 (110568, 45, 61),
 (110668, 45, 62),
 (114717, 45, 63),
 (114978, 45, 64),
 (115188, 45, 65),
 (116296, 45, 66),
 (116724, 45, 67),
 (119147, 45, 68),
 (119442, 45, 69),
 (119707, 45, 70),
 (121395, 45, 71),
 (123538, 45, 72),
 (131283, 45, 73),
 (133205, 45, 74),
 (135069, 45, 75),
 (2269, 46, 1),
 (7994, 46, 2),
 (12264, 46, 3),
 (12340, 46, 4),
 (16367, 46, 5),
 (18549, 46, 6),
 (25837, 46, 7),
 (32619, 46, 8),
 (52431, 46, 9),
 (68394, 46, 10),
 (74229, 46, 11),
 (83718, 46, 12),
 (86247, 46, 13),
 (86576, 46, 14),
 (86915, 46, 15),
 (91239, 46, 16),
 (93044, 46, 17),
 (94308, 46, 18),
 (106908, 46, 19),
 (108072, 46, 20),
 (112842, 46, 21),
 (131762, 46, 22),
 (131965, 46, 23),
 (2269, 47, 20),
 (7994, 47, 19),
 (12264, 47, 15),
 (12340, 47, 4),
 (16367, 47, 5),
 (18549, 47, 6),
 (25837, 47, 7),
 (32619, 47, 8),
 (52431, 47, 9),
 (68394, 47, 10),
 (74229, 47, 11),
 (83718, 47, 12),
 (86247, 47, 13),
 (86576, 47, 14),
 (86915, 47, 3),
 (91239, 47, 16),
 (93044, 47, 17),
 (94308, 47, 18),
 (106908, 47, 2),
 (108072, 47, 1),
 (112842, 47, 21),
 (131762, 47, 22),
 (131965, 47, 23),
 (2269, 48, 1),
 (7994, 48, 2),
 (12264, 48, 3),
 (12340, 48, 4),
 (16367, 48, 5),
 (18549, 48, 6),
 (25837, 48, 7),
 (32619, 48, 8),
 (52431, 48, 9),
 (68394, 48, 10),
 (74229, 48, 11),
 (83718, 48, 12),
 (86247, 48, 13),
 (86576, 48, 14),
 (86915, 48, 15),
 (91239, 48, 16),
 (93044, 48, 17),
 (94308, 48, 18),
 (106908, 48, 19),
 (108072, 48, 20),
 (112842, 48, 21),
 (131762, 48, 22),
 (131965, 48, 23),
 (9337, 49, 14),
 (11711, 49, 19),
 (22493, 49, 6),
 (40792, 49, 4),
 (42160, 49, 5),
 (44060, 49, 3),
 (47943, 49, 7),
 (49132, 49, 8),
 (50680, 49, 9),
 (56182, 49, 10),
 (62308, 49, 11),
 (68662, 49, 12),
 (73402, 49, 13),
 (76534, 49, 1),
 (78659, 49, 15),
 (79979, 49, 16),
 (118985, 49, 17),
 (125325, 49, 18),
 (131541, 49, 2),
 (3075, 50, 1),
 (3485, 50, 2),
 (5001, 50, 3),
 (8110, 50, 4),
 (13352, 50, 5),
 (16555, 50, 6),
 (20243, 50, 7),
 (21628, 50, 8),
 (24562, 50, 9),
 (28121, 50, 10),
 (30393, 50, 11),
 (39508, 50, 12),
 (51723, 50, 13),
 (52788, 50, 14),
 (54009, 50, 15),
 (56947, 50, 16),
 (64684, 50, 17),
 (76942, 50, 18),
 (83422, 50, 19),
 (85472, 50, 20),
 (96582, 50, 21),
 (97270, 50, 22),
 (105429, 50, 23),
 (106101, 50, 24),
 (106731, 50, 25),
 (108896, 50, 26),
 (112231, 50, 27),
 (115596, 50, 28),
 (117552, 50, 29),
 (118739, 50, 30),
 (122611, 50, 31),
 (126978, 50, 32),
 (128084, 50, 33),
 (135220, 50, 34),
 (3075, 51, 23),
 (3485, 51, 22),
 (5001, 51, 12),
 (8110, 51, 4),
 (13352, 51, 5),
 (16555, 51, 6),
 (20243, 51, 7),
 (21628, 51, 8),
 (24562, 51, 9),
 (28121, 51, 10),
 (30393, 51, 11),
 (39508, 51, 3),
 (51723, 51, 13),
 (52788, 51, 14),
 (54009, 51, 15),
 (56947, 51, 16),
 (64684, 51, 17),
 (76942, 51, 18),
 (83422, 51, 19),
 (85472, 51, 20),
 (96582, 51, 21),
 (97270, 51, 2),
 (105429, 51, 1),
 (106101, 51, 24),
 (106731, 51, 25),
 (108896, 51, 26),
 (112231, 51, 27),
 (115596, 51, 28),
 (117552, 51, 29),
 (118739, 51, 30),
 (122611, 51, 31),
 (126978, 51, 32),
 (128084, 51, 33),
 (135220, 51, 34),
 (3075, 52, 1),
 (3485, 52, 2),
 (5001, 52, 3),
 (8110, 52, 4),
 (13352, 52, 5),
 (16555, 52, 6),
 (20243, 52, 7),
 (21628, 52, 8),
 (24562, 52, 9),
 (28121, 52, 10),
 (30393, 52, 11),
 (39508, 52, 12),
 (51723, 52, 13),
 (52788, 52, 14),
 (54009, 52, 15),
 (56947, 52, 16),
 (64684, 52, 17),
 (76942, 52, 18),
 (83422, 52, 19),
 (85472, 52, 20),
 (96582, 52, 21),
 (97270, 52, 22),
 (105429, 52, 23),
 (106101, 52, 24),
 (106731, 52, 25),
 (108896, 52, 26),
 (112231, 52, 27),
 (115596, 52, 28),
 (117552, 52, 29),
 (118739, 52, 30),
 (122611, 52, 31),
 (126978, 52, 32),
 (128084, 52, 33),
 (135220, 52, 34),
 (1680, 53, 38),
 (6878, 53, 11),
 (7366, 53, 36),
 (10878, 53, 4),
 (12648, 53, 5),
 (14258, 53, 6),
 (14374, 53, 7),
 (19924, 53, 8),
 (20609, 53, 9),
 (22139, 53, 10),
 (35011, 53, 2),
 (40570, 53, 12),
 (41195, 53, 13),
 (47681, 53, 14),
 (51713, 53, 15),
 (53515, 53, 16),
 (58066, 53, 17),
 (59700, 53, 18),
 (60859, 53, 19),
 (68396, 53, 20),
 (71953, 53, 21),
 (75172, 53, 22),
 (79208, 53, 23),
 (79231, 53, 24),
 (79886, 53, 25),
 (85117, 53, 26),
 (92528, 53, 27),
 (95087, 53, 28),
 (97879, 53, 29),
 (99677, 53, 30),
 (100626, 53, 31),
 (102283, 53, 32),
 (112208, 53, 33),
 (113297, 53, 34),
 (114986, 53, 35),
 (117509, 53, 3),
 (119108, 53, 37),
 (123000, 53, 1),
 (124620, 53, 39),
 (126311, 53, 40),
 (130287, 53, 41),
 (134695, 53, 42),
 (1680, 54, 28),
 (4438, 54, 7),
 (6878, 54, 17),
 (7366, 54, 4),
 (12442, 54, 5),
 (14258, 54, 6),
 (14374, 54, 2),
 (19924, 54, 8),
 (22139, 54, 9),
 (35011, 54, 10),
 (40570, 54, 11),
 (41195, 54, 12),
 (47681, 54, 13),
 (51713, 54, 14),
 (53338, 54, 15),
 (58066, 54, 16),
 (66266, 54, 3),
 (68396, 54, 18),
 (71953, 54, 19),
 (81451, 54, 20),
 (82279, 54, 21),
 (95087, 54, 22),
 (96160, 54, 23),
 (100626, 54, 24),
 (102283, 54, 25),
 (115019, 54, 26),
 (115293, 54, 27),
 (117509, 54, 1),
 (119108, 54, 29),
 (120267, 54, 30),
 (121673, 54, 31),
 (123000, 54, 32),
 (124620, 54, 33),
 (126311, 54, 34),
 (128214, 54, 35),
 (132797, 54, 36),
 (1680, 55, 1),
 (4438, 55, 2),
 (6878, 55, 3),
 (7366, 55, 4),
 (12442, 55, 5),
 (14258, 55, 6),
 (14374, 55, 7),
 (19924, 55, 8),
 (22139, 55, 9),
 (35011, 55, 10),
 (40570, 55, 11),
 (41195, 55, 12),
 (47681, 55, 13),
 (51713, 55, 14),
 (53338, 55, 15),
 (58066, 55, 16),
 (66266, 55, 17),
 (68396, 55, 18),
 (71953, 55, 19),
 (81451, 55, 20),
 (82279, 55, 21),
 (95087, 55, 22),
 (96160, 55, 23),
 (100626, 55, 24),
 (102283, 55, 25),
 (115019, 55, 26),
 (115293, 55, 27),
 (117509, 55, 28),
 (119108, 55, 29),
 (120267, 55, 30),
 (121673, 55, 31),
 (123000, 55, 32),
 (124620, 55, 33),
 (126311, 55, 34),
 (128214, 55, 35),
 (132797, 55, 36),
 (8455, 56, 19),
 (10172, 56, 4),
 (10996, 56, 1),
 (12442, 56, 2),
 (12648, 56, 5),
 (15582, 56, 6),
 (20142, 56, 7),
 (20912, 56, 8),
 (23543, 56, 9),
 (30039, 56, 10),
 (35581, 56, 11),
 (42122, 56, 12),
 (42637, 56, 13),
 (44824, 56, 14),
 (47671, 56, 15),
 (82279, 56, 16),
 (83302, 56, 17),
 (86767, 56, 18),
 (92563, 56, 3),
 (93069, 56, 20),
 (101492, 56, 21),
 (108005, 56, 22),
 (109666, 56, 23),
 (110884, 56, 24),
 (115862, 56, 25),
 (124377, 56, 26),
 (125930, 56, 27),
 (126311, 56, 28),
 (128214, 56, 29),
 (1482, 57, 1),
 (4495, 57, 2),
 (8455, 57, 3),
 (16188, 57, 4),
 (17324, 57, 5),
 (20609, 57, 6),
 (31051, 57, 7),
 (32232, 57, 8),
 (32522, 57, 9),
 (51650, 57, 10),
 (55715, 57, 11),
 (59700, 57, 12),
 (60859, 57, 13),
 (62896, 57, 14),
 (71953, 57, 15),
 (91027, 57, 16),
 (97303, 57, 17),
 (98538, 57, 18),
 (100577, 57, 19),
 (106703, 57, 20),
 (112208, 57, 21),
 (113297, 57, 22),
 (115675, 57, 23),
 (116308, 57, 24),
 (118162, 57, 25),
 (123251, 57, 26),
 (125010, 57, 27),
 (130287, 57, 28),
 (130787, 57, 29),
 (130980, 57, 30),
 (132797, 57, 31),
 (133530, 57, 32),
 (134208, 57, 33),
 (1482, 58, 5),
 (4495, 58, 12),
 (8455, 58, 6),
 (16188, 58, 4),
 (17324, 58, 1),
 (20609, 58, 3),
 (31051, 58, 7),
 (32232, 58, 8),
 (32522, 58, 9),
 (51650, 58, 10),
 (55715, 58, 11),
 (59700, 58, 2),
 (60859, 58, 13),
 (62896, 58, 14),
 (71953, 58, 15),
 (91027, 58, 16),
 (97303, 58, 17),
 (98538, 58, 18),
 (100577, 58, 19),
 (106703, 58, 20),
 (112208, 58, 21),
 (113297, 58, 22),
 (115675, 58, 23),
 (116308, 58, 24),
 (118162, 58, 25),
 (123251, 58, 26),
 (125010, 58, 27),
 (130287, 58, 28),
 (130787, 58, 29),
 (130980, 58, 30),
 (132797, 58, 31),
 (133530, 58, 32),
 (134208, 58, 33),
 (15508, 59, 13),
 (16667, 59, 20),
 (20539, 59, 6),
 (30767, 59, 4),
 (32919, 59, 5),
 (41360, 59, 3),
 (44824, 59, 7),
 (49112, 59, 8),
 (54192, 59, 9),
 (58457, 59, 10),
 (63690, 59, 11),
 (71804, 59, 12),
 (74525, 59, 1),
 (86273, 59, 14),
 (88661, 59, 15),
 (90563, 59, 16),
 (94794, 59, 17),
 (96514, 59, 18),
 (109666, 59, 19),
 (110423, 59, 2),
 (118949, 59, 21),
 (124415, 59, 22),
 (130194, 59, 23),
 (135009, 59, 24),
 (10334, 60, 1),
 (19040, 60, 2),
 (25456, 60, 3),
 (26314, 60, 4),
 (35279, 60, 5),
 (51879, 60, 6),
 (61105, 60, 7),
 (74549, 60, 8),
 (82385, 60, 9),
 (83455, 60, 10),
 (90012, 60, 11),
 (96192, 60, 12),
 (101301, 60, 13),
 (113831, 60, 14),
 (115980, 60, 15),
 (129833, 60, 16),
 (10334, 61, 1),
 (19040, 61, 2),
 (25456, 61, 3),
 (26314, 61, 4),
 (35279, 61, 5),
 (51879, 61, 6),
 (61105, 61, 7),
 (74549, 61, 8),
 (82385, 61, 9),
 (83455, 61, 10),
 (90012, 61, 11),
 (96192, 61, 12),
 (101301, 61, 13),
 (113831, 61, 14),
 (115980, 61, 15),
 (129833, 61, 16),
 (10334, 62, 8),
 (19040, 62, 16),
 (25456, 62, 7),
 (26314, 62, 4),
 (35279, 62, 5),
 (51879, 62, 6),
 (61105, 62, 3),
 (74549, 62, 1),
 (82385, 62, 9),
 (83455, 62, 10),
 (90012, 62, 11),
 (96192, 62, 12),
 (101301, 62, 13),
 (113831, 62, 14),
 (115980, 62, 15),
 (129833, 62, 2),
 (7943, 63, 1),
 (8460, 63, 2),
 (12039, 63, 3),
 (13113, 63, 4),
 (17463, 63, 5),
 (21657, 63, 6),
 (24069, 63, 7),
 (27600, 63, 8),
 (33810, 63, 9),
 (43349, 63, 10),
 (44045, 63, 11),
 (50471, 63, 12),
 (50752, 63, 13),
 (52162, 63, 14),
 (63621, 63, 15),
 (67440, 63, 16),
 (81539, 63, 17),
 (88485, 63, 18),
 (99684, 63, 19),
 (103347, 63, 20),
 (107155, 63, 21),
 (109885, 63, 22),
 (123970, 63, 23),
 (129057, 63, 24),
 (7943, 64, 13),
 (8460, 64, 18),
 (12039, 64, 15),
 (13113, 64, 4),
 (17463, 64, 5),
 (21657, 64, 6),
 (24069, 64, 7),
 (27600, 64, 8),
 (33810, 64, 9),
 (43349, 64, 10),
 (44045, 64, 11),
 (50471, 64, 12),
 (50752, 64, 1),
 (52162, 64, 14),
 (63621, 64, 3),
 (67440, 64, 16),
 (81539, 64, 17),
 (88485, 64, 2),
 (99684, 64, 19),
 (103347, 64, 20),
 (107155, 64, 21),
 (109885, 64, 22),
 (123970, 64, 23),
 (129057, 64, 24),
 (4487, 65, 11),
 (6942, 65, 12),
 (24871, 65, 6),
 (33525, 65, 4),
 (37189, 65, 5),
 (53697, 65, 3),
 (54068, 65, 7),
 (62271, 65, 8),
 (63897, 65, 9),
 (67108, 65, 10),
 (85275, 65, 1),
 (92995, 65, 2),
 (95407, 65, 13),
 (115672, 65, 14),
 (122448, 65, 15),
 (123432, 65, 16),
 (3471, 66, 23),
 (4438, 66, 14),
 (8335, 66, 22),
 (10835, 66, 4),
 (13571, 66, 5),
 (19271, 66, 6),
 (38476, 66, 7),
 (47610, 66, 8),
 (60830, 66, 9),
 (69967, 66, 10),
 (71075, 66, 11),
 (79462, 66, 12),
 (88023, 66, 13),
 (91696, 66, 2),
 (100909, 66, 15),
 (101492, 66, 16),
 (102215, 66, 17),
 (102599, 66, 18),
 (105826, 66, 19),
 (113297, 66, 20),
 (117509, 66, 21),
 (118162, 66, 3),
 (126816, 66, 1),
 (128980, 66, 24),
 (130031, 66, 25),
 (130198, 66, 26),
 (130787, 66, 27),
 (3471, 67, 1),
 (4438, 67, 2),
 (8335, 67, 3),
 (10835, 67, 4),
 (13571, 67, 5),
 (19271, 67, 6),
 (38476, 67, 7),
 (47610, 67, 8),
 (60830, 67, 9),
 (69967, 67, 10),
 (71075, 67, 11),
 (79462, 67, 12),
 (88023, 67, 13),
 (91696, 67, 14),
 (100909, 67, 15),
 (101492, 67, 16),
 (102215, 67, 17),
 (102599, 67, 18),
 (105826, 67, 19),
 (113297, 67, 20),
 (117509, 67, 21),
 (118162, 67, 22),
 (126816, 67, 23),
 (128980, 67, 24),
 (130031, 67, 25),
 (130198, 67, 26),
 (130787, 67, 27),
 (3471, 68, 1),
 (4438, 68, 2),
 (8335, 68, 3),
 (10835, 68, 4),
 (13571, 68, 5),
 (19271, 68, 6),
 (38476, 68, 7),
 (47610, 68, 8),
 (60830, 68, 9),
 (69967, 68, 10),
 (71075, 68, 11),
 (79462, 68, 12),
 (88023, 68, 13),
 (91696, 68, 14),
 (100909, 68, 15),
 (101492, 68, 16),
 (102215, 68, 17),
 (102599, 68, 18),
 (105826, 68, 19),
 (113297, 68, 20),
 (117509, 68, 21),
 (118162, 68, 22),
 (126816, 68, 23),
 (128980, 68, 24),
 (130031, 68, 25),
 (130198, 68, 26),
 (130787, 68, 27),
 (703, 69, 19),
 (3471, 69, 26),
 (4495, 69, 15),
 (7581, 69, 4),
 (8703, 69, 5),
 (10835, 69, 6),
 (13571, 69, 7),
 (19271, 69, 8),
 (25226, 69, 9),
 (29566, 69, 10),
 (32522, 69, 11),
 (35991, 69, 12),
 (45215, 69, 13),
 (45785, 69, 14),
 (63423, 69, 3),
 (65899, 69, 16),
 (69967, 69, 17),
 (71953, 69, 18),
 (79462, 69, 1),
 (93833, 69, 20),
 (96151, 69, 21),
 (101492, 69, 22),
 (102215, 69, 23),
 (108035, 69, 24),
 (112751, 69, 25),
 (117219, 69, 2),
 (120267, 69, 27),
 (120311, 69, 28),
 (123178, 69, 29),
 (126246, 69, 30),
 (130787, 69, 31),
 (130980, 69, 32),
 (133530, 69, 33),
 (6724, 70, 6),
 (12769, 70, 8),
 (14302, 70, 4),
 (20892, 70, 3),
 (37418, 70, 5),
 (47480, 70, 1),
 (59459, 70, 7),
 (66432, 70, 2),
 (75835, 70, 9),
 (81152, 70, 10),
 (106544, 70, 11),
 (108322, 70, 12),
 (112977, 70, 13),
 (124808, 70, 14),
 (6724, 71, 1),
 (12769, 71, 2),
 (14302, 71, 3),
 (20892, 71, 4),
 (37418, 71, 5),
 (47480, 71, 6),
 (59459, 71, 7),
 (66432, 71, 8),
 (75835, 71, 9),
 (81152, 71, 10),
 (106544, 71, 11),
 (108322, 71, 12),
 (112977, 71, 13),
 (124808, 71, 14);

INSERT INTO EventMedals (idAthlete, idEvent, medal) VALUES 
 (9026, 40, 'Gold'),
 (9343, 40, 'Silver'),
 (13797, 40, 'Bronze'),
 (9998, 29, 'Bronze'),
 (121078, 29, 'Gold'),
 (128039, 29, 'Silver'),
 (10996, 56, 'Gold'),
 (12442, 56, 'Silver'),
 (92563, 56, 'Bronze'),
 (11864, 14, 'Gold'),
 (61934, 14, 'Silver'),
 (133205, 14, 'Bronze'),
 (14374, 54, 'Silver'),
 (66266, 54, 'Bronze'),
 (117509, 54, 'Gold'),
 (17324, 58, 'Gold'),
 (20609, 58, 'Bronze'),
 (59700, 58, 'Silver'),
 (18290, 13, 'Bronze'),
 (86955, 13, 'Silver'),
 (112418, 13, 'Gold'),
 (18683, 36, 'Silver'),
 (36401, 36, 'Gold'),
 (39163, 36, 'Bronze'),
 (20892, 70, 'Bronze'),
 (47480, 70, 'Gold'),
 (66432, 70, 'Silver'),
 (25157, 32, 'Bronze'),
 (79780, 32, 'Silver'),
 (88073, 32, 'Gold'),
 (25546, 6, 'Gold'),
 (45004, 6, 'Silver'),
 (90034, 6, 'Bronze'),
 (29655, 27, 'Gold'),
 (34151, 27, 'Bronze'),
 (60620, 27, 'Silver'),
 (33457, 17, 'Gold'),
 (36996, 17, 'Bronze'),
 (53493, 17, 'Silver'),
 (35011, 53, 'Silver'),
 (117509, 53, 'Bronze'),
 (123000, 53, 'Gold'),
 (38252, 24, 'Gold'),
 (58429, 24, 'Silver'),
 (119147, 24, 'Bronze'),
 (38252, 3, 'Bronze'),
 (119147, 3, 'Gold'),
 (131283, 3, 'Silver'),
 (39508, 51, 'Bronze'),
 (97270, 51, 'Silver'),
 (105429, 51, 'Gold'),
 (41360, 59, 'Bronze'),
 (74525, 59, 'Gold'),
 (110423, 59, 'Silver'),
 (42662, 1, 'Bronze'),
 (48696, 1, 'Gold'),
 (79915, 1, 'Silver'),
 (44060, 49, 'Bronze'),
 (76534, 49, 'Gold'),
 (131541, 49, 'Silver'),
 (47515, 18, 'Gold'),
 (47664, 18, 'Silver'),
 (109634, 18, 'Bronze'),
 (49265, 22, 'Gold'),
 (60833, 22, 'Silver'),
 (133222, 22, 'Bronze'),
 (49611, 11, 'Gold'),
 (92691, 11, 'Silver'),
 (112036, 11, 'Bronze'),
 (50752, 64, 'Gold'),
 (63621, 64, 'Bronze'),
 (88485, 64, 'Silver'),
 (53697, 65, 'Bronze'),
 (85275, 65, 'Gold'),
 (92995, 65, 'Silver'),
 (58429, 7, 'Gold'),
 (103917, 7, 'Silver'),
 (122606, 7, 'Bronze'),
 (60401, 43, 'Silver'),
 (103792, 43, 'Bronze'),
 (131283, 43, 'Gold'),
 (60544, 38, 'Silver'),
 (64805, 38, 'Bronze'),
 (72466, 38, 'Gold'),
 (61105, 62, 'Bronze'),
 (74549, 62, 'Gold'),
 (129833, 62, 'Silver'),
 (61238, 35, 'Silver'),
 (71719, 35, 'Bronze'),
 (135313, 35, 'Gold'),
 (63423, 69, 'Bronze'),
 (79462, 69, 'Gold'),
 (117219, 69, 'Silver'),
 (86915, 47, 'Bronze'),
 (106908, 47, 'Silver'),
 (108072, 47, 'Gold'),
 (91696, 66, 'Silver'),
 (118162, 66, 'Bronze'),
 (126816, 66, 'Gold');

